"","line_num","Author","Title","Previously analyzed","Has been analyzed","Notes","...6"
"1",3,"Martin, Daniel L.; Targett, Timothy E.","Latitudinal Growth Variation in Young Tautogs: A Field, Laboratory, and Growing Degree-Day Assessment of Potential Intrinsic Differences in Growth Responses to Temperature",NA,NA,NA,NA
"2",4,"Rodin-Morch, Patrik; Luquet, Emilien; Meyer-Lucht, Yvonne; Richter-Boix, Alex; Hoglund, Jacob; Laurila, Anssi","Latitudinal divergence in a widespread amphibian: Contrasting patterns of neutral and adaptive genomic variation",NA,NA,NA,NA
"3",5,"Rohner, Patrick T.; Roy, Jeannine; Schafer, Martin A.; Blanckenhorn, Wolf U.; Berger, David","Does thermal plasticity align with local adaptation? An interspecific comparison of wing morphology in sepsid flies",NA,NA,NA,NA
"4",6,"Luquet, Emilien; Morch, Patrik Rodin; Cortazar-Chinarro, Maria; Meyer-Lucht, Yvonne; Hoglund, Jacob; Laurila, Anssi","Post-glacial colonization routes coincide with a life-history breakpoint along a latitudinal gradient",NA,NA,NA,NA
"5",7,"Aichelman, Hannah E.; Zimmerman, Richard C.; Barshis, Daniel J.","Adaptive signatures in thermal performance of the temperate coral Astrangia poculata",NA,NA,NA,NA
"6",8,"King, Jessica G.; Hadfield, Jarrod D.","The evolution of phenotypic plasticity when environments fluctuate in time and space",NA,NA,NA,NA
"7",9,"Velotta, Jonathan P.; Cheviron, Zachary A.","Remodeling Ancestral Phenotypic Plasticity in Local Adaptation: A New Framework to Explore the Role of Genetic Compensation in the Evolution of Homeostasis",NA,NA,NA,NA
"8",10,"Li, Teng; Han, Xin-Kang; Chen, Wei; Zhou, Hua-Bin; Zhang, Yong-Pu","Phenotypic Consequences of Embryonic Responses to Developmental Temperatures in Two Latitudinally Separated Populations of Asian Yellow Pond Turtles",NA,NA,NA,NA
"9",12,"Chung, Dillon J.; Healy, Timothy M.; McKenzie, Jessica L.; Chicco, Adam J.; Sparagna, Genevieve C.; Schulte, Patricia M.","Mitochondria, Temperature, and the Pace of Life",NA,NA,NA,NA
"10",14,"Owen, Dustin A. S.; Robbins, Travis R.; Langkilde, Tracy","Trans-generational but not early life exposure to stressors influences offspring morphology and survival",NA,NA,NA,NA
"11",15,"Li, Teng; Cao, Peng; Bei, Yong-Jian; Du, Wei-Guo","Latitudinal and Temperature-Dependent Variation in Embryonic Development Rate and Offspring Performance in a Freshwater Turtle",NA,NA,NA,NA
"12",17,"Schmid, M.; Guillaume, F.","The role of phenotypic plasticity on population differentiation",NA,NA,NA,NA
"13",19,"Kelley, Jennifer L.; Grierson, Pauline F.; Davies, Peter M.; Collin, Shaun P.","Water flows shape lateral line morphology in an arid zone freshwater fish",NA,NA,NA,NA
"14",20,"Walczynska, Aleksandra; Franch-Gras, Lluis; Serra, Manuel","Empirical evidence for fast temperature-dependent body size evolution in rotifers",NA,NA,NA,NA
"15",21,"Gibbons, Taylor C.; Metzger, David C. H.; Healy, Timothy M.; Schulte, Patricia M.","Gene expression plasticity in response to salinity acclimation in threespine stickleback ecotypes from different salinity habitats",NA,NA,NA,NA
"16",22,"Schneider, Adam","Flowering time evolution is independent of serpentine tolerance in the California flora",NA,NA,NA,NA
"17",23,"Van Petegem, Katrien H. P.; Boeye, Jeroen; Stoks, Robby; Bonte, Dries","Spatial Selection and Local Adaptation Jointly Shape Life-History Evolution during Range Expansion",NA,NA,NA,NA
"18",25,"Huang, Yuheng; Agrawal, Aneil F.","Experimental Evolution of Gene Expression and Plasticity in Alternative Selective Regimes",NA,NA,NA,NA
"19",26,"Davenport, J. M.; Hossack, B. R.","Reevaluating geographic variation in life-history traits of a widespread Nearctic amphibian",NA,NA,NA,NA
"20",27,"Yang, Li-Na; Zhu, Wen; Wu, E-Jiao; Yang, Ce; Thrall, Peter H.; Burdon, Jeremy J.; Jin, Li-Ping; Shang, Li-Ping; Zhan, Jiasui","Trade-offs and evolution of thermal adaptation in the Irish potato famine pathogen Phytophthora infestans",NA,NA,NA,NA
"21",28,"Ab Ghani, Nurul I.; Herczeg, Gabor; Merila, Juha","Effects of perceived predation risk and social environment on the development of three-spined stickleback (Gasterosteus aculeatus) morphology",NA,NA,NA,NA
"22",29,"Williams, Caroline M.; Szejner-Sigal, Andre; Morgan, Theodore J.; Edison, Arthur S.; Allison, David B.; Hahn, Daniel A.","Adaptation to Low Temperature Exposure Increases Metabolic Rates Independently of Growth Rates",NA,NA,NA,NA
"23",30,"Toftegaard, Tenna; Posledovich, Diana; Navarro-Cano, Jose A.; Wiklund, Christer; Gotthard, Karl; Ehrlen, Johan","Variation in plant thermal reaction norms along a latitudinal gradient - more than adaptation to season length",NA,NA,NA,NA
"24",31,"Ruybal, Jordan E.; Kramer, Laura D.; Kilpatrick, A. Marm","Geographic variation in the response of Culex pipiens life history traits to temperature",NA,NA,NA,NA
"25",32,"Bowles, Ella; Johnston, Rebecca A.; Vanderzwan, Stevi L.; Rogers, Sean M.","Genetic basis for body size variation between an anadromous and two derived lacustrine populations of threespine stickleback Gasterosteus aculeatus in southwest Alaska",NA,NA,NA,NA
"26",33,"Lopez-Idiaquez, David; Vergara, Pablo; Antonio Fargallo, Juan; Martinez-Padilla, Jesus","Old males reduce melanin-pigmented traits and increase reproductive outcome under worse environmental conditions in common kestrels",NA,NA,NA,NA
"27",34,"Oke, K. B.; Bukhari, M.; Kaeuffer, R.; Rolshausen, G.; Raesaenen, K.; Bolnick, D. I.; Peichel, C. L.; Hendry, A. P.","Does plasticity enhance or dampen phenotypic parallelism? A test with three lake-stream stickleback pairs",NA,NA,NA,NA
"28",35,"Hendry, Andrew P.","Key Questions on the Role of Phenotypic Plasticity in Eco-Evolutionary Dynamics",NA,NA,NA,NA
"29",36,"Laiolo, Paola; Obeso, Jose Ramon","Plastic Responses to Temperature Versus Local Adaptation at the Cold Extreme of the Climate Gradient",NA,NA,NA,NA
"30",37,"Sniegula, Szymon; Golab, Maria J.","Test for latitudinal variation of life history, behavior and mortality in the strictly univoltine damselfly Sympecma fusca (Zygoptera: Lestidae)",NA,NA,NA,NA
"31",38,"Snover, Melissa L.; Adams, Michael J.; Ashton, Donald T.; Bettaso, Jamie B.; Welsh, Hartwell H., Jr.","Evidence of counter-gradient growth in western pond turtles (Actinemys marmorata) across thermal gradients",NA,NA,NA,NA
"32",39,"Richter-Boix, Alex; Katzenberger, Marco; Duarte, Helder; Quintela, Maria; Tejedo, Miguel; Laurila, Anssi","Local divergence of thermal reaction norms among amphibian populations is affected by pond temperature variation",NA,NA,NA,NA
"33",40,"Taira, Wataru; Iwasaki, Mayo; Otaki, Joji M.","Body size distributions of the pale grass blue butterfly in Japan: Size rules and the status of the Fukushima population",NA,NA,NA,NA
"34",41,"Sinnatamby, R. Niloshini; Dempson, J. Brian; Reist, James D.; Power, Michael","Latitudinal variation in growth and otolith-inferred field metabolic rates of Canadian young-of-the-year Arctic charr",NA,NA,NA,NA
"35",43,"Luquet, E.; Lena, J-P; Miaud, C.; Plenet, S.","Phenotypic divergence of the common toad (Bufo bufo) along an altitudinal gradient: evidence for local adaptation",NA,NA,NA,NA
"36",44,"David, Solomon R.; Kik, Richard S.; Diana, James S.; Rutherford, Edward S.; Wiley, Michael J.","Evidence of Countergradient Variation in Growth of Spotted Gars from Core and Peripheral Populations",NA,NA,NA,NA
"37",45,"Kinnison, Michael T.; Hairston, Nelson G., Jr.; Hendry, Andrew P.","Cryptic eco-evolutionary dynamics",NA,NA,NA,NA
"38",46,"Stalhandske, S.; Gotthard, K.; Posledovich, D.; Leimar, O.","Variation in two phases of post-winter development of a butterfly",NA,NA,NA,NA
"39",47,"Soularue, J-P; Kremer, A.","Evolutionary responses of tree phenology to the combined effects of assortative mating, gene flow and divergent selection",NA,NA,NA,NA
"40",48,"Walsh, Matthew R.; Whittington, Deirdre; Walsh, Melissa J.","Does variation in the intensity and duration of predation drive evolutionary changes in senescence?",NA,NA,NA,NA
"41",49,"Gienapp, P.; Merila, J.","Disentangling plastic and genetic changes in body mass of Siberian jays",NA,NA,NA,NA
"42",50,"Grether, Gregory F.","Redesigning the genetic architecture of phenotypically plastic traits in a changing environment",NA,NA,NA,NA
"43",51,"Paccard, Antoine; Fruleux, Alexandre; Willi, Yvonne","Latitudinal trait variation and responses to drought in Arabidopsis lyrata",NA,NA,NA,NA
"44",53,"Sniegula, Szymon; Drobniak, Szymon M.; Golab, Maria J.; Johansson, Frank","Photoperiod and variation in life history traits in core and peripheral populations in the damselfly Lestes sponsa",NA,NA,NA,NA
"45",54,"Schlichting, Carl D.; Wund, Matthew A.","PHENOTYPIC PLASTICITY AND EPIGENETIC MARKING: AN ASSESSMENT OF EVIDENCE FOR GENETIC ACCOMMODATION",NA,NA,NA,NA
"46",55,"Rypel, Andrew L.","Do invasive freshwater fish species grow better when they are invasive?",NA,NA,NA,NA
"47",57,"D'Hertefeldt, Tina; Enestrom, Johanna M.; Pettersson, Lars B.","Geographic and Habitat Origin Influence Biomass Production and Storage Translocation in the Clonal Plant Aegopodium podagraria",NA,NA,NA,NA
"48",58,"Handelsman, Corey A.; Broder, E. Dale; Dalton, Christopher M.; Ruell, Emily W.; Myrick, Christopher A.; Reznick, David N.; Ghalambor, Cameron K.","Predator-Induced Phenotypic Plasticity in Metabolism and Rate of Growth: Rapid Adaptation to a Novel Environment",NA,NA,NA,NA
"49",59,"Mollet, Fabian M.; Engelhard, Georg H.; Vainikka, Anssi; Laugen, Ane T.; Rijnsdorp, Adriaan D.; Ernande, Bruno","Spatial variation in growth, maturation schedules and reproductive investment of female sole Solea solea in the Northeast Atlantic",NA,NA,NA,NA
"50",60,"Pespeni, Melissa H.; Barney, Bryan T.; Palumbi, Stephen R.","DIFFERENCES IN THE REGULATION OF GROWTH AND BIOMINERALIZATION GENES REVEALED THROUGH LONG-TERM COMMON-GARDEN ACCLIMATION AND EXPERIMENTAL GENOMICS IN THE PURPLE SEA URCHIN",NA,NA,NA,NA
"51",62,"Stefansson, Tryggvi S.; McDonald, Bruce A.; Willi, Yvonne","Local adaptation and evolutionary potential along a temperature gradient in the fungal pathogen Rhynchosporium commune",NA,NA,NA,NA
"52",64,"Rypel, Andrew L.","Meta-analysis of growth rates for a circumpolar fish, the northern pike ( Esox lucius), with emphasis on effects of continent, climate and latitude","Y",NA,NA,NA
"53",68,"Rodriguez-Diaz, T.; Brana, F.","Altitudinal variation in egg retention and rates of embryonic development in oviparous Zootoca vivipara fits predictions from the cold-climate model on the evolution of viviparity","Y",NA,NA,NA
"54",82,"Li, Hong; Qu, Yan-Fu; Ding, Guo-Hua; Ji, Xiang","Life-history Variation with Respect to Experienced Thermal Environments in the Lizard, Eremias multiocellata (Lacertidae)","Y",NA,NA,NA
"55",85,"Gardiner, Naomi M.; Munday, Philip L.; Nilsson, Goran E.","Counter-Gradient Variation in Respiratory Performance of Coral Reef Fishes at Elevated Temperatures","Y",NA,NA,NA
"56",98,"Wos, Guillaume; Willi, Yvonne","Genetic differentiation in life history traits and thermal stress performance across a heterogeneous dune landscape in Arabidopsis lyrata","Y",NA,NA,NA
"57",104,"Ryan, Will H.","Temperature-Dependent Growth and Fission Rate Plasticity Drive Seasonal and Geographic Changes in Body Size in a Clonal Sea Anemone",NA,NA,NA,NA
"58",105,"Berg, Florian; Almeland, Oda W.; Skadal, Julie; Slotte, Aril; Andersson, Leif; Folkvord, Arild","Genetic factors have a major effect on growth, number of vertebrae and otolith shape in Atlantic herring (Clupea harengus)",NA,NA,NA,NA
"59",106,"Feiner, Nathalie; Rago, Alfredo; While, Geoffrey M.; Uller, Tobias","Signatures of selection in embryonic transcriptomes of lizards adapting in parallel to cool climate",NA,NA,NA,NA
"60",107,"Eroglu, Ali Ihsan; Bulbul, Ufuk; Kurnaz, Muammer; Odabas, Yasemin","Age and growth of the common wall lizard, Podarcis muralis (Laurenti, 1768)",NA,NA,NA,NA
"61",108,"Meister, Hendrik; Esperk, Toomas; Valimaki, Panu; Tammaru, Toomas","Evaluating the role and measures of juvenile growth rate: latitudinal variation in insect life histories",NA,NA,NA,NA
"62",109,"Kosloski, Mary E.; Dietl, Gregory P.; Handley, John C.","Anatomy of a cline: dissecting anti-predatory adaptations in a marine gastropod along the US Atlantic coast",NA,NA,NA,NA
"63",110,"Simoes, Marianna V. P.; Lieberman, Bruce S.; Soberon, Jorge; Peterson, A. Townsend","Testing environmental correlates of clines in clades: an example from cassidine beetles",NA,NA,NA,NA
"64",111,"David, Solomon R.; Wright, Jeremy J.","Genetic variation and biogeography of the spotted gar Lepisosteus oculatus from core and peripheral populations",NA,NA,NA,NA
"65",112,"Welsh, D. P.; Wiegmann, D. D.; Angeloni, L. M.; Newman, S. P.; Miner, J. G.; Baylis, J. R.","Condition-dependent reproductive tactics in male smallmouth bass: evidence of an inconsistent birthdate effect on early growth and age at first reproduction",NA,NA,NA,NA
"66",113,"O'Keeffe, Kayleigh R.; Carbone, Ignazio; Jones, Corbin D.; Mitchell, Charles E.","Plastic potential: how the phenotypes and adaptations of pathogens are influenced by microbial interactions within plants",NA,NA,NA,NA
"67",114,"Meister, Hendrik; Tammaru, Toomas; Sandre, Siiri-Lii; Freitak, Dalial","Sources of variance in immunological traits: evidence of congruent latitudinal trends across species",NA,NA,NA,NA
"68",115,"Baumann, Zofia; Mason, Robert P.; Conover, David O.; Balcom, Prentiss; Chen, Celia Y.; Buckman, Kate L.; Fisher, Nicholas S.; Baumann, Hannes","Mercury bioaccumulation increases with latitude in a coastal marine fish (Atlantic silverside, Menidia menidia)",NA,NA,NA,NA
"69",116,"Johansson, Magnus P.; Laurila, Anssi","Maximum thermal tolerance trades off with chronic tolerance of high temperature in contrasting thermal populations of Radix balthica",NA,NA,NA,NA
"70",117,"Guinand, Bruno; Vandeputte, Marc; Dupont-Nivet, Mathilde; Vergnet, Alain; Haffray, Pierrick; Chavanne, Herve; Chatain, Beatrice","Metapopulation patterns of additive and nonadditive genetic variance in the sea bass (Dicentrarchus labrax)",NA,NA,NA,NA
"71",118,"Rodriguez-Verdugo, Alejandra; Buckley, James; Stapley, Jessica","The genomic basis of eco-evolutionary dynamics",NA,NA,NA,NA
"72",119,"Peixoto, Maria Joao; Salas-Leiton, Emilio; Brito, Francisca; Pereira, Luis Ferreira; Svendsen, Jon C.; Baptista, Teresa; Pereira, Rui; Abreu, Helena; Reis, Pedro Alexandre; Magalhaes Goncalves, Jose Fernando; de Almeida Ozorio, Rodrigo Otavio","Effects of dietary Gracilaria sp and Alaria sp supplementation on growth performance, metabolic rates and health in meagre (Argyrosomus regius) subjected to pathogen infection",NA,NA,NA,NA
"73",120,"Rooke, Anna C.; Burness, Gary; Fox, Michael G.","Thermal physiology of native cool-climate, and non-native warm-climate Pumpkinseed sunfish raised in a common environment",NA,NA,NA,NA
"74",121,"Dattolo, Emanuela; Marin-Guirao, Lazaro; Ruiz, Juan M.; Procaccini, Gabriele","Long-term acclimation to reciprocal light conditions suggests depth-related selection in the marine foundation species Posidonia oceanica",NA,NA,NA,NA
"75",122,"Liang, Liang","Beyond the Bioclimatic Law: Geographic adaptation patterns of temperate plant phenology",NA,NA,NA,NA
"76",123,"Fischer, Eva K.; Ghalambor, Cameron K.; Hoke, Kim L.","Can a Network Approach Resolve How Adaptive vs Nonadaptive Plasticity Impacts Evolutionary Trajectories?",NA,NA,NA,NA
"77",124,"Williams, Caroline M.; McCue, Marshall D.; Sunny, Nishanth E.; Szejner-Sigal, Andre; Morgan, Theodore J.; Allison, David B.; Hahn, Daniel A.","Cold adaptation increases rates of nutrient flow and metabolic plasticity during cold exposure in Drosophila melanogaster",NA,NA,NA,NA
"78",125,"Liang, Liang; Schwartz, Mark D.; Zhang, Xiaoyang","Mapping Temperate Vegetation Climate Adaptation Variability Using Normalized Land Surface Phenology",NA,NA,NA,NA
"79",126,"Swift, H. F.; Daglio, L. Gomez; Dawson, M. N.","Three routes to crypsis: Stasis, convergence, and parallelism in the Mastigias species complex (Scyphozoa, Rhizostomeae)",NA,NA,NA,NA
"80",127,"Martinez, Christopher M.; Rohlf, F. James; Frisk, Michael G.","Sexual dimorphism in sister species of Leucoraja skate and its relationship to reproductive strategy and life history",NA,NA,NA,NA
"81",128,"Jones, Natalie T.; Gilbert, Benjamin","Changing climate cues differentially alter zooplankton dormancy dynamics across latitudes",NA,NA,NA,NA
"82",165,"Manyak-Davis, Anna; Bell, Tina M.; Sotka, Erik E.","The Relative Importance of Predation Risk and Water Temperature in Maintaining Bergmann''s Rule in a Marine Ectotherm","N","Y",NA,NA
"83",218,"Gorton, Amanda J.; Moeller, David A.; Tiffin, Peter","Little plant, big city: a test of adaptation to urban environments in common ragweed (Ambrosia artemisiifolia)",NA,NA,NA,NA
"84",225,"Makinen, Hannu; Savilammi, Tiina; Papakostas, Spiros; Leder, Erica; Vollestad, Leif A.; Primmer, Craig R.","Modularity Facilitates Flexible Tuning of Plastic and Evolutionary Gene Expression Responses during Early Divergence","N","Y",NA,NA
"85",231,"Diamond, Sarah E.; Chick, Lacy; Perez, Abe; Strickler, Stephanie A.; Martin, Ryan A.","Rapid evolution of ant thermal tolerance across an urban-rural temperature cline","n","y","no",NA
"86",232,"Finstad, Anders G.; Jonsson, Bror","Effect of incubation temperature on growth performance in Atlantic salmon","n","y","author says no",NA
"87",233,"Clarke, Andrew","Principles of Thermal Ecology Temperature, Energy and Life Preface","n","y","book",NA
"88",234,"Laiolo, Paola; Ramon Obeso, Jose","Life-History Responses to the Altitudinal Gradient","n","y","book",NA
"89",235,"Peng, Xiong; Song, Chun-Man; Wang, Kang; Chen, Mao-Hua","Geographical Variations in the Life Histories of Rhopalosiphum padi (Hemiptera: Aphididae) in China","n","y","check if done, otherwise no",NA
"90",236,"Spaak, Piet; Fox, Jennifer; Hairston, Nelson G., Jr.","Modes and mechanisms of a Daphnia invasion","n","y","ish but the seem to explain it away",NA
"91",237,"McElroy, Matthew T.","Countergradient Variation in Locomotor Performance of Two Sympatric Polynesian Skinks (Emoia impar, Emoia cyanura)","n","y","yes",NA
"92",239,"Lombardo, Jeffrey A.; Elkinton, Joseph S.","Environmental adaptation in an asexual invasive insect","n","y","no",NA
"93",240,"Rotvit, Lennie; Jacobsen, Dean","Egg development of Plecoptera, Ephemeroptera and Odonata along latitudinal gradients","n","y","no",NA
"94",241,"Orizaola, German; Quintela, Maria; Laurila, Anssi","Climatic adaptation in an isolated and genetically impoverished amphibian population","n","y","unclear",NA
"95",243,"Erlandsson, Johan; Ostman, Orjan; Florin, Ann-Britt; Pekcan-Hekim, Zeynep","Spatial structure of body size of European flounder (Platichthys flesus L.) in the Baltic Sea","n","y","maybe, but cant find data to work with",NA
"96",244,"Kivela, Sami M.; Valimaki, Panu; Gotthard, Karl","SEASONALITY MAINTAINS ALTERNATIVE LIFE-HISTORY PHENOTYPES","n","y","modelling",NA
"97",245,"Elliott, J. M.; Elliott, J. A.","Temperature requirements of Atlantic salmon Salmo salar, brown trout Salmo trutta and Arctic charr Salvelinus alpinus: predicting the effects of climate change","n","y","modelling",NA
"98",246,"Cenzer, Meredith L.","Maladaptive Plasticity Masks the Effects of Natural Selection in the Red-Shouldered Soapberry Bug","n","y","no",NA
"99",247,"Sengupta, Sagnik; Ergon, Torbjorn; Leinaas, Hans Petter","Thermal plasticity in postembryonic life history traits of a widely distributed Collembola: Effects of macroclimate and microhabitat on genotypic differences","n","y","no",NA
"100",248,"Schrader, Matthew; Jarrett, Benjamin J. M.; Rebar, Darren; Kilner, Rebecca M.","Adaptation to a novel family environment involves both apparent and cryptic phenotypic changes","n","y","no",NA
"101",249,"Dutilleul, Morgan; Reale, Denis; Goussen, Benoit; Lecomte, Catherine; Galas, Simon; Bonzom, Jean-Marc","Adaptation costs to constant and alternating polluted environments","n","y","no",NA
"102",250,"Jin, Long; Chen, Cheng; Liao, Wen Bo","Altitudinal variation in body size and age in male spot-legged treefrog (Polypedates megacephalus)","n","y","no",NA
"103",251,"Tansey, Christine J.; Hadfield, Jarrod D.; Phillimore, Albert B.","Estimating the ability of plants to plastically track temperature-mediated shifts in the spring phenological optimum","n","y","no",NA
"104",252,"Sniegula, Szymon; Golab, Maria J.; Johansson, Frank","Cannibalism and activity rate in larval damselflies increase along a latitudinal gradient as a consequence of time constraints","n","y","no",NA
"105",253,"Schmitt, Clarence; Garant, Dany; Belisle, Marc; Pelletier, Fanie","Linking innate immunogenetic variation with phenotypic traits in a wild population of tree swallows, Tachycineta bicolor","n","y","no",NA
"106",254,"Suskiewicz, T. S.; Johnson, L. E.","Consumption rates of a key marine herbivore: a review of the extrinsic and intrinsic control of feeding in the green sea urchin","n","y","no",NA
"107",256,"Brans, Kristien I.; Govaert, Lynn; Engelen, Jessie M. T.; Gianuca, Andros T.; Souffreau, Caroline; De Meester, Luc","Eco-evolutionary dynamics in urbanized landscapes: evolution, species sorting and the change in zooplankton body size along urbanization gradients","n","y","no",NA
"108",257,"de Montaigu, Amaury; Coupland, George","The timing of GIGANTEA expression during day/night cycles varies with the geographical origin of Arabidopsis accessions","n","y","no",NA
"109",258,"Wagner, Curtis R.; Wolter, Max H.; DeBoom, Corey S.; Diana, Matthew J.; Weber, Michael J.; Wahl, David H.","Survival and Growth of Three Geographically Distinct Stocks of Muskellunge Introduced into Midwestern Reservoirs","n","y","no",NA
"110",260,"Diana, Matthew J.; Wagner, Curtis P.; Wahl, David H.","Differences in Stocking Success among Geographically Distinct Stocks of Juvenile Muskellunge in Illinois Lakes","n","y","no",NA
"111",261,"Hughes, A. Randall; Hanley, Torrance C.; Byers, James E.; Grabowski, Jonathan H.; Malek, Jennafer C.; Piehler, Michael F.; Kimbro, David L.","Genetic by environmental variation but no local adaptation in oysters (Crassostrea virginica)","n","y","no",NA
"112",262,"Moody, Eric K.; Rugenski, Amanda T.; Sabo, John L.; Turner, Benjamin L.; Elser, James J.","Does the Growth Rate Hypothesis Apply across Temperatures? Variation in the Growth Rate and Body Phosphorus of Neotropical Benthic Grazers","n","y","no",NA
"113",263,"Puentes, Adriana; Granath, Gustaf; Agren, Jon","Similarity in G matrix structure among natural populations of Arabidopsis lyrata","n","y","no",NA
"114",264,"Martin-Sanz, Ruth C.; Santos-del-Blanco, Luis; Notivol, Eduardo; Regina Chambel, M.; San-Martin, Roberto; Climent, Jose","Disentangling plasticity of serotiny, a key adaptive trait in a Mediterranean conifer","n","y","no",NA
"115",265,"Center, Alyson; Etterson, Julie R.; Deacon, Nicholas John; Cavender-Bares, Jeannine","Seed production timing influences seedling fitness in the tropical live oak Quercus oleoides of Costa Rican dry forests","n","y","no",NA
"116",266,"Alveal Riquelme, Nicza; Diaz-Paez, Helen; Carlos Ortiz, Juan","Thermal tolerance in the Andean toad Rhinella spinulosa (Anura: Bufonidae) at three sites located along a latitudinal gradient in Chile","n","y","no",NA
"117",267,"Guo, Baocheng; Lu, Di; Liao, Wen Bo; Merila, Juha","Genomewide scan for adaptive differentiation along altitudinal gradient in the Andrew's toad Bufo andrewsi","n","y","no",NA
"118",268,"Chiba, Susumu; Iida, Takeshi; Tomioka, Aya; Azuma, Noriko; Kurihara, Takeo; Tanaka, Kazuhiro","Population divergence in cold tolerance of the intertidal gastropod Littorina brevicula explained by habitat-specific lowest air temperature","n","y","no",NA
"119",269,"Calboli, Federico C. F.; Bystrom, Par; Merila, Juha","A test for within-lake niche differentiation in the nine-spined sticklebacks (Pungitius pungitius)","n","y","no",NA
"120",270,"Poertner, Hans O.; Gutt, Julian","Impacts of Climate Variability and Change on (Marine) Animals: Physiological Underpinnings and Evolutionary Consequences","n","y","no",NA
"121",271,"Chiaverano, Luciano M.; Bayha, Keith W.; Graham, William M.","Local versus Generalized Phenotypes in Two Sympatric Aurelia Species: Understanding Jellyfish Ecology Using Genetics and Morphometrics","n","y","no",NA
"122",272,"Oomen, Rebekah A.; Hutchings, Jeffrey A.","Genetic variation in plasticity of life-history traits between Atlantic cod (Gadus morhua) populations exposed to contrasting thermal regimes","n","y","no",NA
"123",273,"Volis, S.; Ormanbekova, D.; Shulgina, I.","Role of selection and gene flow in population differentiation at the edge vs. interior of the species range differing in climatic conditions","n","y","no",NA
"124",274,"King, Gregory D.; Chapman, Jacqueline M.; Cooke, Steven J.; Suski, Cory D.","Stress in the neighborhood: Tissue glucocorticoids relative to stream quality for five species of fish","n","y","no",NA
"125",275,"Kuyucu, Arda Cem; Caglar, Selim Sualp","Thermal Preference of the Bush Cricket Isophya rizeensis; Testing the Effect of Countergradient Selection","n","y","no",NA
"126",276,"Solberg, Monica Favneboe; Dyrhovden, Lise; Matre, Ivar Helge; Glover, Kevin Alan","Thermal plasticity in farmed, wild and hybrid Atlantic salmon during early development: has domestication caused divergence in low temperature tolerance?","n","y","no",NA
"127",277,"Dittrich, C.; Drakulic, S.; Schellenberg, M.; Thein, J.; Roedel, M. -O.","Some like it hot? Developmental differences in Yellow-bellied Toad (Bombina variegata) tadpoles from geographically close but different habitats","n","y","no",NA
"128",278,"Sengupta, Sagnik; Ergon, Torbjorn; Leinass, Petter Hans","Genotypic differences in embryonic life history traits of Folsomia quadrioculata (Collembola: Isotomidae) across a wide geographical range","n","y","no",NA
"129",279,"Lea, Ellen V.; Mee, Jonathan A.; Post, John R.; Rogers, Sean M.; Mogensen, Stephanie","Rainbow trout in seasonal environments: phenotypic trade-offs across a gradient in winter duration","n","y","no",NA
"130",280,"Abarca, Mariana; Lill, John T.","Warming affects hatching time and early season survival of eastern tent caterpillars","n","y","no",NA
"131",281,"Kivela, Sami M.; Svensson, Beatrice; Tiwe, Alma; Gotthard, Karl","Thermal plasticity of growth and development varies adaptively among alternative developmental pathways","n","y","no",NA
"132",282,"Moser, Dario; Kueng, Benjamin; Berner, Daniel","Lake-Stream Divergence in Stickleback Life History: A Plastic Response to Trophic Niche Differentiation?","n","y","no",NA
"133",283,"Bengston, S. E.; Dornhaus, A.","Latitudinal variation in behaviors linked to risk tolerance is driven by nest-site competition and spatial distribution in the ant Temnothorax rugatulus","n","y","no",NA
"134",284,"Warwick, Alexa R.; Travis, Joseph; Lemmon, Emily Moriarty","Geographic variation in the Pine Barrens Treefrog (Hyla andersonii): concordance of genetic, morphometric and acoustic signal data","n","y","no",NA
"135",285,"Urban, Mark C.; Richardson, Jonathan L.","The Evolution of Foraging Rate across Local and Geographic Gradients in Predation Risk and Competition","n","y","no",NA
"136",286,"Tibblin, Petter; Forsman, Anders; Koch-Schmidt, Per; Nordahl, Oscar; Johannessen, Peter; Nilsson, Jonas; Larsson, Per","Evolutionary Divergence of Adult Body Size and Juvenile Growth in Sympatric Subpopulations of a Top Predator in Aquatic Ecosystems","n","y","no",NA
"137",287,"Miehls, A. L. J.; Peacor, S. D.; Valliant, L.; McAdam, A. G.","Evolutionary stasis despite selection on a heritable trait in an invasive zooplankton","n","y","no",NA
"138",288,"Porrini, Leonardo P.; Fernandez Iriarte, Pedro J.; Iudica, Celia M.; Abud, Eddie Aristizabal","Population genetic structure and body shape assessment of Pagrus pagrus (Linnaeus, 1758) (Perciformes: Sparidae) from the Buenos Aires coast of the Argentine Sea","n","y","no",NA
"139",289,"Therry, Lieven; Bonte, Dries; Stoks, Robby","Higher investment in flight morphology does not trade off with fecundity estimates in a poleward range-expanding damselfly","n","y","no",NA
"140",290,"Haenel, Sabine; Tielboerger, Katja","Phenotypic response of plants to simulated climate change in a long-term rain-manipulation experiment: a multi-species study","n","y","no",NA
"141",291,"Taylor, Michelle L.; Skeats, Alison; Wilson, Alastair J.; Price, Tom A. R.; Wedell, Nina","Opposite environmental and genetic influences on body size in North American Drosophila pseudoobscura","n","y","no",NA
"142",292,"Volis, Sergei; Ormanbekova, Danara; Yermekbayev, Kanat; Song, Minshu; Shulgina, Irina","Multi-Approaches Analysis Reveals Local Adaptation in the Emmer Wheat (Triticum dicoccoides) at Macro- but not Micro-Geographical Scale","n","y","no",NA
"143",293,"Burghardt, Liana T.; Metcalf, C. Jessica E.; Wilczek, Amity M.; Schmitt, Johanna; Donohue, Kathleen","Modeling the Influence of Genetic and Environmental Variation on the Expression of Plant Life Cycles across Landscapes","n","y","no",NA
"144",294,"Brancalion, Pedro H. S.; Rodrigues, Ricardo R.; Oliveira, Giancarlo C. X.","When and how could common gardens be useful in the ecological restoration of long-lived tropical plants as an aid to the selection of seed sources?","n","y","no",NA
"145",295,"Liu, C. L.; Liu, W. D.","The main research streams of PES: How to find and what are they?","n","y","no",NA
"146",296,"Neuheimer, Anna B.; MacKenzie, Brian R.","Explaining life history variation in a changing climate across a species' range","n","y","no",NA
"147",298,"Coomes, David A.; Flores, Olivier; Holdaway, Robert; Jucker, Tommaso; Lines, Emily R.; Vanderwel, Mark C.","Wood production response to climate change will depend critically on forest composition and structure","n","y","no",NA
"148",299,"Berger, D.; Walters, R. J.; Blanckenhorn, W. U.","Experimental evolution for generalists and specialists reveals multivariate genetic constraints on thermal reaction norms","n","y","no",NA
"149",300,"Minards, Niki A.; Trewick, Steven A.; Godfrey, A. Jonathan R.; Morgan-Richards, Mary","Convergent local adaptation in size and growth rate but not metabolic rate in a pair of parapatric Orthoptera species","n","y","no",NA
"150",301,"Lu, Hong-Liang; Lin, Zhi-Hua; Li, Hong; Ji, Xiang","Geographic variation in hatchling size in an oviparous skink: effects of maternal investment and incubation thermal environment","n","y","no",NA
"151",302,"Van Dijk, H.; Hautekeete, N. -C.","Evidence of genetic change in the flowering phenology of sea beets along a latitudinal cline within two decades","n","y","no",NA
"152",303,"Velotta, Jonathan P.; McCormick, Stephen D.; O'Neill, Rachel J.; Schultz, Eric T.","Relaxed selection causes microevolution of seawater osmoregulation and gene expression in landlocked Alewives","n","y","no",NA
"153",304,"Berg, Jeremy J.; Coop, Graham","A Population Genetic Signal of Polygenic Adaptation","n","y","no",NA
"154",305,"Therry, Lieven; Zawal, Andrzej; Bonte, Dries; Stoks, Robby","What factors shape female phenotypes of a poleward-moving damselfly at the edge of its range?","n","y","no",NA
"155",306,"Beniz, Barbara; Vandygriff, James; Jensen, Camille; Coleman, Tom; Maloney, Patricia; Smith, Sheri; Grady, Amanda; Schen-Langenheim, Greta","Mountain Pine Beetle Voltinism and Life History Characteristics across Latitudinal and Elevational Gradients in the Western United States","n","y","no",NA
"156",307,"Stutz, William E.; Lau, On Lee; Bolnick, Daniel I.","Contrasting Patterns of Phenotype-Dependent Parasitism within and among Populations of Threespine Stickleback","n","y","no",NA
"157",308,"Muir, Anna P.; Biek, Roman; Mable, Barbara K.","Behavioural and physiological adaptations to low-temperature environments in the common frog, Rana temporaria","n","y","no",NA
"158",309,"Lessard, Andreanne; Bourret, Audrey; Belisle, Marc; Pelletier, Fanie; Garant, Dany","Individual and environmental determinants of reproductive success in male tree swallow (Tachycineta bicolor)","n","y","no",NA
"159",310,"Klepsatel, Peter; Galikova, Martina; Huber, Christian D.; Flatt, Thomas","SIMILARITIES AND DIFFERENCES IN ALTITUDINAL VERSUS LATITUDINAL VARIATION FOR MORPHOLOGICAL TRAITS IN DROSOPHILA MELANOGASTER","n","y","no",NA
"160",311,"Caglar, Selim S.; Karacaoglu, Cagasan; Kuyucu, A. Cem; Saglam, Ismail K.","Humidity and seasonality drives body size patterns in males of the bush cricket Isophya rizeensis Sevgili, 2003 (Orthoptera: Tettigoniidae: Phaneropterinae)","n","y","no",NA
"161",312,"Collado, Gonzalo A.; Salinas, Hugo F.; Mendez, Marco A.","Genetic, morphological, and life history traits variation in freshwater snails from extremely high environments of the Andean Altiplano","n","y","no",NA
"162",313,"Walsh, Matthew R.; La Pierre, Kimberly J.; Post, David M.","Phytoplankton composition modifies predator-driven life history evolution in Daphnia","n","y","no",NA
"163",314,"Hassall, Christopher; Keat, Simon; Thompson, David J.; Watts, Phillip C.","Bergmann's rule is maintained during a rapid range expansion in a damselfly","n","y","no",NA
"164",315,"DeFaveri, J.; Merila, J.","Local adaptation to salinity in the three-spined stickleback?","n","y","no",NA
"165",316,"Merila, Juha","Lakes and ponds as model systems to study parallel evolution","n","y","no",NA
"166",317,"Therry, L.; Nilsson-Oertman, V.; Bonte, D.; Stoks, R.","Rapid evolution of larval life history, adult immune function and flight muscles in a poleward-moving damselfly","n","y","no",NA
"167",318,"Boutin, Stan; Lane, Jeffrey E.","Climate change and mammals: evolutionary versus plastic responses","n","y","no",NA
"168",319,"Collins, Sinead; Rost, Bjoern; Rynearson, Tatiana A.","Evolutionary potential of marine phytoplankton under ocean acidification","n","y","no",NA
"169",320,"Kolbe, Jason J.; Ehrenberger, Joseph C.; Moniz, Haley A.; Angilletta, Michael J., Jr.","Physiological Variation among Invasive Populations of the Brown Anole (Anolis sagrei)","n","y","no",NA
"170",321,"Huang, Xianliang; Liu, Deguang; Gao, Suxia; Chen, Hui","Differential Performance of Sitobion avenae Populations From Both Sides of the Qinling Mountains Under Common Garden Conditions","n","y","no",NA
"171",322,"Scheiner, Samuel M.","The genetics of phenotypic plasticity. XII. Temporal and spatial heterogeneity","n","y","no",NA
"172",323,"Liess, Antonia; Rowe, Owen; Guo, Junwen; Thomsson, Gustaf; Lind, Martin I.","Hot tadpoles from cold environments need more nutrients - life history and stoichiometry reflects latitudinal adaptation","n","y","no",NA
"173",324,"Mahe, K.; Coppin, F.; Vaz, S.; Carpentier, A.","Striped red mullet (Mullus surmuletus, Linnaeus, 1758) in the eastern English Channel and southern North Sea: growth and reproductive biology","n","y","no",NA
"174",325,"Berger, David; Postma, Erik; Blanckenhorn, Wolf U.; Walters, Richard J.","QUANTITATIVE GENETIC DIVERGENCE AND STANDING GENETIC (CO)VARIANCE IN THERMAL REACTION NORMS ALONG LATITUDE","n","y","no",NA
"175",326,"Urban, Mark C.","Evolution mediates the effects of apex predation on aquatic food webs","n","y","no",NA
"176",327,"Leonhardt, Sara D.; Rasmussen, Claus; Schmitt, Thomas","Genes versus environment: geography and phylogenetic relationships shape the chemical profiles of stingless bees on a global scale","n","y","no",NA
"177",328,"Lecocq, Thomas; Vereecken, Nicolas J.; Michez, Denis; Dellicour, Simon; Lhomme, Patrick; Valterova, Irena; Rasplus, Jean-Yves; Rasmont, Pierre","Patterns of Genetic and Reproductive Traits Differentiation in Mainland vs. Corsican Populations of Bumblebees","n","y","no",NA
"178",329,"Edge, Christopher B.; Thompson, Dean G.; Houlahan, Jeff E.","Differences in the Phenotypic Mean and Variance Between Two Geographically Separated Populations of Wood Frog (Lithobates sylvaticus)","n","y","no",NA
"179",330,"Evans, Gregory A.; Kilkenny, Francis F.; Galloway, Laura F.","EVOLUTION OF COMPETITIVE ABILITY WITHIN LONICERA JAPONICA'S INVADED RANGE","n","y","no",NA
"180",331,"Baker, John A.; Raesaenen, Katja; Moore, Jean-Sebastien; Hendry, Andrew P.","Genetic and plastic contributions to trait divergence between parapatric habitats: female life-history traits in threespine stickleback within the Misty Lake system","n","y","no",NA
"181",332,"Leips, Jeff; Rodd, F. Helen; Travis, Joseph","The adaptive significance of population differentiation in offspring size of the least killifish, Heterandria formosa","n","y","no",NA
"182",333,"Merila, Juha","Nine-spined stickleback (Pungitius pungitius): an emerging model for evolutionary biology research","n","y","no",NA
"183",334,"Wright, Peter J.; Tobin, Declan","Maturation differences between sub-stocks of haddock, Melanogrammus aeglefinus","n","y","no",NA
"184",336,"Walsh, Matthew R.; DeLong, John P.; Hanley, Torrance C.; Post, David M.","A cascade of evolutionary change alters consumer-resource dynamics and ecosystem function","n","y","no",NA
"185",337,"Hangartner, S.; Laurila, A.; Raesaenen, K.","The quantitative genetic basis of adaptive divergence in the moor frog (Rana arvalis) and its implications for gene flow","n","y","no",NA
"186",338,"Harris, Rebecca; McQuillan, Peter; Hughes, Lesley","Patterns in body size and melanism along a latitudinal cline in the wingless grasshopper, Phaulacridium vittatum","n","y","no",NA
"187",339,"Wund, Matthew A.","Assessing the Impacts of Phenotypic Plasticity on Evolution","n","y","no",NA
"188",340,"Hassell, Elizabeth M. A.; Meyers, Peter J.; Billman, Eric J.; Rasmussen, Josh E.; Belk, Mark C.","Ontogeny and sex alter the effect of predation on body shape in a livebearing fish: sexual dimorphism, parallelism, and costs of reproduction","n","y","no",NA
"189",341,"Moiroux, Joffrey; Giron, David; Vernon, Philippe; van Baaren, Joan; van Alphen, Jacques J. M.","Evolution of metabolic rate in a parasitic wasp: The role of limitation in intrinsic resources","n","y","no",NA
"190",342,"Field, Jeremy; Paxton, Robert; Soro, Antonella; Craze, Paul; Bridge, Catherine","Body size, demography and foraging in a socially plastic sweat bee: a common garden experiment","n","y","no",NA
"191",344,"Valladares, Fernando; Saldana, Alfredo; Gianoli, Ernesto","Costs versus risks: Architectural changes with changing light quantity and quality in saplings of temperate rainforest trees of different shade tolerance","n","y","no",NA
"192",345,"Shimada, Yukinori; Shikano, Takahito; Kuparinen, Anna; Gonda, Abigel; Leinonen, Tuomas; Merila, Juha","Quantitative Genetics of Body Size and Timing of Maturation in Two Nine-Spined Stickleback (Pungitius pungitius) Populations","n","y","no",NA
"193",346,"Thomassen, Gaute; Barson, Nicola J.; Haugen, Thrond O.; Vollestad, L. Asbjorn","Contemporary divergence in early life history in grayling (Thymallus thymallus)","n","y","no",NA
"194",347,"Martin, Shannon B.; Leberg, Paul L.","Influence of environmental stress on age- and size-at-maturity: genetic and plastic responses of coastal marsh fishes to changing salinities","n","y","no",NA
"195",348,"Lefebure, R.; Larsson, S.; Bystrom, P.","A temperature-dependent growth model for the three-spined stickleback Gasterosteus aculeatus","n","y","no",NA
"196",349,"Oufiero, Christopher E.; Gartner, Gabriel E. A.; Adolph, Stephen C.; Garland, Theodore, Jr.","LATITUDINAL AND CLIMATIC VARIATION IN BODY SIZE AND DORSAL SCALE COUNTS IN SCELOPORUS LIZARDS: A PHYLOGENETIC PERSPECTIVE","n","y","no",NA
"197",350,"Kawahara-Miki, Ryouka; Wada, Kenta; Azuma, Noriko; Chiba, Susumu","Expression Profiling without Genome Sequence Information in a Non-Model Species, Pandalid Shrimp (Pandalus latirostris), by Next-Generation Sequencing","n","y","no",NA
"198",351,"Shikano, Takahito; Merila, Juha","Body size and the number of vertebrae in the nine-spined stickleback (Pungitius pungitius)","n","y","no",NA
"199",352,"Zheng, Ying; Dam, Hans G.; Avery, David E.","Differential responses of populations of the copepod Acartia hudsonica to toxic and nutritionally insufficient food algae","n","y","no",NA
"200",353,"Forrest, Jessica R. K.; Thomson, James D.","An examination of synchrony between insect emergence and flowering in Rocky Mountain meadows","n","y","no",NA
"201",354,"Trokovic, N.; Herczeg, G.; McCairns, R. J. Scott; Ab Ghani, N. Izza; Merila, J.","Intraspecific divergence in the lateral line system in the nine-spined stickleback (Pungitius pungitius)","n","y","no",NA
"202",356,"van Molken, Tamara; Stuefer, Josef F.","The potential of plant viruses to promote genotypic diversity via genotype x environment interactions","n","y","no",NA
"203",357,"Guarini, Jean-Marc; Chauvaud, Laurent; Cloern, James E.; Clavier, Jacques; Coston-Guarini, Jennifer; Patry, Yann","Seasonal variations in ectotherm growth rates: Quantifying growth as an intermittent non steady state compensatory process","n","y","no",NA
"204",358,"Gonda, Abigel; Herczeg, Gabor; Merila, Juha","Population variation in brain size of nine-spined sticklebacks (Pungitius pungitius) - local adaptation or environmentally induced variation?","n","y","no",NA
"205",359,"Gerst, Katharine L.; Angert, Amy L.; Venable, D. Lawrence","The effect of geographic range position on demographic variability in annual plants","n","y","no",NA
"206",360,"Mach, Megan E.; Sbrocco, Elizabeth J.; Hice, Lyndie A.; Duffy, Tara A.; Conover, David O.; Barber, Paul H.","Regional differentiation and post-glacial expansion of the Atlantic silverside, Menidia menidia, an annual fish with high dispersal potential","n","y","no",NA
"207",361,"Fraser, D. J.; Weir, L. K.; Bernatchez, L.; Hansen, M. M.; Taylor, E. B.","Extent and scale of local adaptation in salmonid fishes: review and meta-analysis","n","y","no",NA
"208",362,"Junge, C.; Vollestad, L. A.; Barson, N. J.; Haugen, T. O.; Otero, J.; Saetre, G-P; Leder, E. H.; Primmer, C. R.","Strong gene flow and lack of stable population structure in the face of rapid adaptation to local temperature in a spring-spawning salmonid, the European grayling (Thymallus thymallus)","n","y","no",NA
"209",363,"Berger, David; Friberg, Magne; Gotthard, Karl","Divergence and ontogenetic coupling of larval behaviour and thermal reaction norms in three closely related butterflies","n","y","no",NA
"210",365,"Wright, Peter J.; Gibb, Fiona M.; Gibb, Iain M.; Millar, Colin P.","Reproductive investment in the North Sea haddock: temporal and spatial variation","n","y","no",NA
"211",366,"Volis, S.","Adaptive genetic differentiation in a predominantly self-pollinating species analyzed by transplanting into natural environment, crossbreeding and Q(ST)-F-ST test","n","y","no",NA
"212",367,"Skelly, David","A climate for contemporary evolution","n","y","no",NA
"213",368,"Feder, Jeffrey L.; Powell, Thomas H. Q.; Filchak, Ken; Leung, Brian","The diapause response of Rhagoletis pomonella to varying environmental conditions and its significance for geographic and host plant-related adaptation","n","y","no",NA
"214",369,"Seppanen, Eila; Piironen, Jorma; Huuskonen, Hannu","Consistency of standard metabolic rate in relation to life history strategy of juvenile Atlantic salmon Salmo salar","n","y","no",NA
"215",370,"Phillimore, Albert B.; Hadfield, Jarrod D.; Jones, Owen R.; Smithers, Richard J.","Differences in spawning date between populations of common frog reveal local adaptation","n","y","no",NA
"216",371,"Braithwaite, V. A.; Salvanes, A. G. V.","Aquaculture and restocking: implications for conservation and welfare","n","y","no",NA
"217",372,"McCairns, R. J. Scott; Bernatchez, Louis","ADAPTIVE DIVERGENCE BETWEEN FRESHWATER AND MARINE STICKLEBACKS: INSIGHTS INTO THE ROLE OF PHENOTYPIC PLASTICITY FROM AN INTEGRATED ANALYSIS OF CANDIDATE GENE EXPRESSION","n","y","no",NA
"218",373,"Harrald, Marion; Neat, Francis C.; Wright, Peter J.; Fryer, Robert J.; Huntingford, Felicity A.","Population variation in thermal growth responses of juvenile Atlantic cod (Gadus morhua L.)","n","y","no",NA
"219",374,"Hadfield, Jarrod D.; Wilson, Alastair J.; Garant, Dany; Sheldon, Ben C.; Kruuk, Loeske E. B.","The Misuse of BLUP in Ecology and Evolution","n","y","no",NA
"220",375,"Lindgren, Beatrice; Laurila, Anssi","Are high-latitude individuals superior competitors? A test with Rana temporaria tadpoles","n","y","no",NA
"221",376,"Lardies, Marco A.; Belen Arias, Maria; Bacigalupe, Leonardo D.","Phenotypic covariance matrix in life-history traits along a latitudinal gradient: a study case in a geographically widespread crab on the coast of Chile","n","y","no",NA
"222",378,"Elliott, J. M.","Validation and implications of a growth model for brown trout, Salmo trutta, using long-term data from a small stream in north-west England","n","y","no",NA
"223",379,"Ruokolainen, Lasse; Linden, Andreas; Kaitala, Veijo; Fowler, Mike S.","Ecological and evolutionary dynamics under coloured environmental variation","n","y","no",NA
"224",380,"Liefting, Maartje; Hoffmann, Ary A.; Ellers, Jacintha","PLASTICITY VERSUS ENVIRONMENTAL CANALIZATION: POPULATION DIFFERENCES IN THERMAL RESPONSES ALONG A LATITUDINAL GRADIENT IN DROSOPHILA SERRATA","n","y","no",NA
"225",381,"Morita, Kentaro; Morita, Shoko H.; Yamamoto, Shoichiro","Effects of habitat fragmentation by damming on salmonid fishes: lessons from white-spotted charr in Japan","n","y","no",NA
"226",382,"Gonzalo-Turpin, Heloise; Hazard, Laurent","Local adaptation occurs along altitudinal gradient despite the existence of gene flow in the alpine plant species Festuca eskia","n","y","no",NA
"227",383,"Yamahira, Kazunori; Nishida, Takeshi","Latitudinal variation in axial patterning of the medaka (Actinopterygii: Adrianichthyidae): Jordan's rule is substantiated by genetic variation in abdominal vertebral number","n","y","no",NA
"228",384,"Orizaola, G.; Laurila, A.","Microgeographic variation in the effects of larval temperature environment on juvenile morphology and locomotion in the pool frog","n","y","no",NA
"229",385,"Cussac, V. E.; Fernandez, D. A.; Gomez, S. E.; Lopez, H. L.","Fishes of southern South America: a story driven by temperature","n","y","no",NA
"230",386,"Seppanen, E.; Tiira, K.; Huuskonen, H.; Piironen, J.","Metabolic rate, growth and aggressiveness in three Atlantic salmon Salmo salar populations","n","y","no",NA
"231",392,"Jasienski, Michal","COGRADIENT PLASTICITY OF GROWTH IN MONTANE AND LOWLAND LARVAE OF RANA TEMPORARIA (L.) AT TWO LEVELS OF TEMPERATURE","n","y","no",NA
"232",393,"Albers, J. L.; Wildhaber, M. L.; DeLonay, A. J.","Gonadosomatic index and fecundity of Lower Missouri and Middle Mississippi River endangered pallid sturgeon estimated using minimally invasive techniques","n","y","no",NA
"233",394,"Wang, Pengcheng; Liu, Yang; Liu, Yinong; Chang, Yajing; Wang, Nan; Zhang, Zhengwang","The role of niche divergence and geographic arrangement in the speciation of Eared Pheasants (Crossoptilon, Hodgson 1938)","n","y","unclear",NA
"234",395,"Roy, David B.; Oliver, Tom H.; Botham, Marc S.; Beckmann, Bjorn; Brereton, Tom; Dennis, Roger L. H.; Harrower, Colin; Phillimore, Albert B.; Thomas, Jeremy A.","Similarities in butterfly emergence dates among populations suggest local adaptation to climate","n","y","no usable data",NA
"235",397,"Edge, Christopher B.; Rollinson, Njal; Brooks, Ronald J.; Congdon, Justin D.; Iverson, John B.; Janzen, Fredric J.; Litzgus, Jacqueline D.","Phenotypic plasticity of nest timing in a post-glacial landscape: how do reptiles adapt to seasonal time constraints?","n","y","none here",NA
"236",398,"Sukhodolskaya, Raisa; Saveliev, Anatoliy","Body Size Variation of Ground Beetles (Coleoptera: Carabidae) in Latitudinal Gradient","n","y","not accessible",NA
"237",399,"Lopez-Sepulcre, Andres; Kokko, Hanna","Understanding behavioural responses and their consequences","n","y","not accessible",NA
"238",400,"Merilae, Juha; Hendry, Andrew P.","Climate change, adaptation, and phenotypic plasticity: the problem and the evidence","n","y","not applicable",NA
"239",401,"Crozier, Lisa G.; Hutchings, Jeffrey A.","Plastic and evolutionary responses to climate change in fish","n","y","not applicable",NA
"240",402,"Urban, Mark C.; Richardson, Jonathan L.; Freidenfelds, Nicole A.","Plasticity and genetic adaptation mediate amphibian and reptile responses to climate change","n","y","not applicable",NA
"241",403,"Kilkenny, Francis F.; Galloway, Laura F.","ADAPTIVE DIVERGENCE AT THE MARGIN OF AN INVADED RANGE","n","y","not believable",NA
"242",404,"Campos, Joana; Freitas, Vania; Pedrosa, Cindy; Guillot, Rita; van der Veer, Henk W.","Latitudinal variation in growth of Crangon crangon (L.): Does counter-gradient growth compensation occur?","n","y","not definitively",NA
"243",405,"McKenzie, J. L.; Bucking, C.; Moreira, A.; Schulte, P. M.","Intrinsic reproductive isolating mechanisms in the maintenance of a hybrid zone between ecologically divergent subspecies","n","y","not in traits under study",NA
"244",406,"Harrald, Marion; Wright, Peter J.; Neat, Francis C.","Substock variation in reproductive traits in North Sea cod (Gadus morhua)","n","y","not strong evidence",NA
"245",407,"Chen, Bingzhang; Liu, Hongbin; Huang, Bangqin; Wang, Jing","Temperature effects on the growth rate of marine picoplankton","n","y","not supported",NA
"246",408,"Phillimore, Albert B.; Leech, David I.; Pearce-Higgins, James W.; Hadfield, Jarrod D.","Passerines may be sufficiently plastic to track temperature-mediated shifts in optimum lay date","n","y","no",NA
"247",409,"Vincent, Bourret; Dionne, Melanie; Kent, Matthew P.; Lien, Sigbjorn; Bernatchez, Louis","LANDSCAPE GENOMICS IN ATLANTIC SALMON (SALMO SALAR): SEARCHING FOR GENE-ENVIRONMENT INTERACTIONS DRIVING LOCAL ADAPTATION","n","y","not sure how to interpret",NA
"248",411,"Campbell, Calum S.; Adams, Colin E.; Bean, Colin W.; Parsons, Kevin J.","Conservation Evo-Devo: Preserving Biodiversity by Understanding Its Origins","n","y","review",NA
"249",412,"Kimberly, David A.; Salice, Christopher J.","Evolutionary responses to climate change and contaminants: Evidence and experimental approaches","n","y","review",NA
"250",413,"Duputie, Anne; Rutschmann, Alexis; Ronce, Ophelie; Chuine, Isabelle","Phenological plasticity will not help all species adapt to climate change","n","y","review",NA
"251",414,"Morris, Matthew; Rogers, Sean M.","Integrating Phenotypic Plasticity Within an Ecological Genomics Framework: Recent Insights from the Genomics, Evolution, Ecology, and Fitness of Plasticity","n","y","review",NA
"252",415,"Dam, Hans G.","Evolutionary Adaptation of Marine Zooplankton to Global Change","n","y","review",NA
"253",416,"Shaw, Ruth G.; Etterson, Julie R.","Rapid climate change and the rate of adaptation: insight from experimental quantitative genetics","n","y","review",NA
"254",417,"Enberg, Katja; Jorgensen, Christian; Dunlop, Erin S.; Varpe, Oystein; Boukal, David S.; Baulier, Loic; Eliassen, Sigrunn; Heino, Mikko","Fishing-induced evolution of growth: concepts, mechanisms and the empirical evidence","n","y","review",NA
"255",418,"Hendry, Andrew P.; Kinnison, Michael T.; Heino, Mikko; Day, Troy; Smith, Thomas B.; Fitt, Gary; Bergstrom, Carl T.; Oakeshott, John; Jorgensen, Peter S.; Zalucki, Myron P.; Gilchrist, George; Southerton, Simon; Sih, Andrew; Strauss, Sharon; Denison, Robert F.; Carroll, Scott P.","Evolutionary principles and their practical application","n","y","review",NA
"256",419,"Jonsson, Bror; Jonsson, Nina","Development and Growth","n","y","review",NA
"257",421,"Pearlstine, Leonard G.; Pearlstine, Elise V.; Aumen, Nicholas G.","A review of the ecological consequences and management implications of climate change for the Everglades","n","y","review",NA
"258",422,"Forrest, Jessica; Miller-Rushing, Abraham J.","Toward a synthetic understanding of the role of phenology in ecology and evolution","n","y","review",NA
"259",423,"Pemberton, Josephine M.","Evolution of quantitative traits in the wild: mind the ecology","n","y","review",NA
"260",424,"Dingemanse, Niels J.; Kazem, Anahita J. N.; Reale, Denis; Wright, Jonathan","Behavioural reaction norms: animal personality meets individual plasticity","n","y","review",NA
"261",425,"Jonsson, B.; Jonsson, N.","A review of the likely effects of climate change on anadromous Atlantic salmon Salmo salar and brown trout Salmo trutta, with particular reference to water temperature and flow","n","y","review",NA
"262",426,"Messer, Philipp W.; Ellner, Stephen P.; Hairston, Nelson G., Jr.","Can Population Genetics Adapt to Rapid Evolution?","n","y","reviewish",NA
"263",427,"Oomen, Rebekah A.; Hutchings, Jeffrey A.","Genetic variability in reaction norms in fishes","n","y","reviewish",NA
"264",428,"Gaston, Kevin J.; Chown, Steven L.; Calosi, Piero; Bernardo, Joseph; Bilton, David T.; Clarke, Andrew; Clusella-Trullas, Susana; Ghalambor, Cameron K.; Konarzewski, Marek; Peck, Lloyd S.; Porter, Warren P.; Poertner, Hans O.; Rezende, Enrico L.; Schulte, Patricia M.; Spicer, John I.; Stillman, Jonathon H.; Terblanche, John S.; van Kleunen, Mark","Macrophysiology: A Conceptual Reunification","n","y","reviewish",NA
"265",429,"Kivela, Sami M.; Valimaki, Panu; Carrasco, David; Maenpaa, Maarit I.; Oksanen, Jari","Latitudinal insect body size clines revisited: a critical evaluation of the saw-tooth model","n","y","unclear",NA
"266",430,"Muir, A. P.; Biek, R.; Thomas, R.; Mable, B. K.","Local adaptation with high gene flow: temperature parameters drive adaptation to altitude in the common frog (Rana temporaria)","n","y","unclear",NA
"267",431,"Pezaro, Nadav; Doody, J. Sean; Thompson, Michael B.","The ecology and evolution of temperature-dependent reaction norms for sex determination in reptiles: a mechanistic conceptual model","n","y","theory",NA
"268",432,"Schmitz, Oswald J.; Trussell, Geoffrey C.","Multiple stressors, state-dependence and predation risk - foraging trade-offs: toward a modern concept of trait-mediated indirect effects in communities and ecosystems","n","y","theory",NA
"269",433,"Ellner, Stephen P.; Geber, Monica A.; Hairston, Nelson G., Jr.","Does rapid evolution matter? Measuring the rate of contemporary evolution and its impacts on ecological dynamics","n","y","theory",NA
"270",434,"Wilke, Nathan F.; Kinnison, Michael T.","Discerning adaptive divergence within an endangered conservation unit - Gulf of Maine Atlantic salmon","n","y","unaccesible",NA
"271",435,"Carter-Lynn, K. P.; Quist, M. C.; Liter, M.","Population characteristics of channel catfish near the northern edge of their distribution: implications for management","n","y","unlikely",NA
"272",436,"Luis Bartheld, Jose; Diego Gaitan-Espitia, Juan; Artacho, Paulina; Salgado-Luarte, Cristian; Gianoli, Ernesto; Nespolo, Roberto F.","Energy expenditure and body size are targets of natural selection across a wide geographic range, in a terrestrial invertebrate","n","y","yes-kind of. Mention countergradient selection but can't see support in results",NA
"273",437,"Bulgarella, Mariana; Trewick, Steven A.; Godfrey, A. Jonathan R.; Sinclair, Brent J.; Morgan-Richards, Mary","Elevational variation in adult body size and growth rate but not in metabolic rate in the tree weta Hemideina crassidens","n","y","yes but not usable data given",NA
"274",438,"Oromi, Neus; Camarasa, Sebastia; Sanuy, Isabel; Sanuy, Delfi","Variation of growth rate and survival in embryos and larvae of Rana temporaria populations from the Pyrenees","n","y","yes",NA
"275",439,"Diego Gaitan-Espitia, Juan; Nespolo, Roberto","Is there metabolic cold adaptation in terrestrial ectotherms? Exploring latitudinal compensation in the invasive snail Cornu aspersum","n","y","yes",NA
"276",440,"Vaelimaeki, P.; Kivelae, S. M.; Maeenpaeae, M. I.; Tammaru, T.","Latitudinal clines in alternative life histories in a geometrid moth","n","y","yes, not sure how to analyze data",NA
"277",442,"Levine, Mia T.; Eckert, Melissa L.; Begun, David J.","Whole-Genome Expression Plasticity across Tropical and Temperate Drosophila melanogaster Populations from Eastern Australia","n","y","not sure how usable data is",NA
"278",443,"Du, Wei-Guo; Warner, Daniel A.; Langkilde, Tracy; Robbins, Travis; Shine, Richard","The Physiological Basis of Geographic Variation in Rates of Embryonic Development within a Widespread Lizard Species","n","y","yes",NA
"279",444,"Fangue, Nann A.; Podrabsky, Jason E.; Crawshaw, Larry I.; Schulte, Patricia M.","Countergradient Variation in Temperature Preference in Populations of Killifish Fundulus heteroclitus","n","y","I think so, but Morgan will want to look at this. Not positive here",NA
"280",445,"Ligon, Nisha F.; Skelly, David K.","Cryptic divergence: countergradient variation in the wood frog","n","y","not sure this is real",NA
"281",446,"Seppanen, Eila; Piironen, Jorma; Huuskonen, Hannu","Standard metabolic rate, growth rate and smolting of the juveniles in three Atlantic salmon stocks","n","y","no",NA
"282",448,"Phillimore, Albert B.; Proios, Konstantinos; O'Mahony, Naiara; Bernard, Rodolphe; Lord, Alexa M.; Atkinson, Sian; Smithers, Richard J.","Inferring local processes from macro-scale phenological pattern: a comparison of two methods","n","y","yes but not usable data given",NA
"283",451,"Arendt, Jeff; Fairbairn, Daphne","Reproductive allometry does not explain the temperature-size rule in water striders (Aquarius remigis)","n","y","yes but not usable data given",NA
"284",452,"Chavarie, Louise; Dempson, J. Brian; Schwarz, C. J.; Reist, J. D.; Power, G.; Power, M.","Latitudinal variation in growth among Arctic charr in eastern North America: evidence for countergradient variation?","n","y","yes for some pops",NA
"285",453,"Urban, Mark C.; Richardson, Jonathan L.; Freidenfelds, Nicole A.; Drake, Dana L.; Fischer, John F.; Saunders, Peter P.","Microgeographic Adaptation of Wood Frog Tadpoles to an Apex Predator","n","y","neither",NA
"286",454,"Fryxell, David C.; Palkovacs, Eric P.","Warming Strengthens the Ecological Role of Intraspecific Variation in a Predator","n","y","maybe? Is population growth something that we expect differences in?",NA
"287",455,"Kokita, Tomoyuki; Takahashi, Sayaka; Kinoshita, Masaki","Evolution of gigantism and size-based female mate choice in ice goby (Leucopsarion petersii) populations in a semi-enclosed sea basin","n","y","no",NA
"288",456,"De Kort, H.; Mijnsbrugge, K. Vander; Vandepitte, K.; Mergeay, J.; Ovaskainen, O.; Honnay, O.","Evolution, plasticity and evolving plasticity of phenology in thetree species Alnus glutinosa","n","y","yes but not sure what to do with fig 1 regarding confidence intervals",NA
"289",457,"Dayan, David I.; Crawford, Douglas L.; Oleksiak, Marjorie F.","Phenotypic plasticity in gene expression contributes to divergence of locally adapted populations of Fundulus heteroclitus","n","y","yes, but no usable data and mostly genetic heat maps",NA
"290",458,"Nilsson-Ortman, Viktor; Stoks, Robby; De Block, Marjan; Johansson, Frank","Generalists and specialists along a latitudinal transect: patterns of thermal adaptation in six species of damselflies","n","y","no",NA
"291",459,"Chambers, Sally M.; Emery, Nancy C.","Population differentiation and countergradient variation throughout the geographic range in the fern gametophyte Vittaria appalachiana","n","y","yes, no usable data",NA
"292",460,"Jessop, B. M.","Geographic effects on American eel (Anguilla rostrata) life history characteristics and strategies","n","y","yes, usable data?",NA
"293",463,"Conover, David O.; Duffy, Tara A.; Hice, Lyndie A.","The Covariance between Genetic and Environmental Influences across Ecological Gradients Reassessing the Evolutionary Significance of Countergradient and Cogradient Variation","Y",NA,NA,NA
"294",467,"Chopelet, J.; Blier, P. U.; Dufresne, F.","Plasticity of Growth Rate and Metabolism in Daphnia magna Populations From Different Thermal Habitats","Y",NA,NA,NA
"295",477,"Urban, Mark C.","Salamander evolution across a latitudinal cline in gape-limited predation risk","Y",NA,NA,NA
"296",484,"Bears, Heather; Drever, C.; Martin, Kathy","Comparative morphology of dark-eyed juncos Junco hyemalis breeding at two elevations: a common aviary experiment","Y",NA,NA,NA
"297",485,"Knapp, Charles R.; Owens, Audrey K.","Nesting Behavior and the use of termitaria by the Andros Iguana (Cyclura cychlura cychlura)",NA,"Y",NA,NA
"298",491,"Schlichting, Carl D.","Hidden Reaction Norms, Cryptic Genetic Variation, and Evolvability","Y",NA,NA,NA
"299",493,"Byars, Sean G.; Papst, Warwick; Hoffmann, Ary A.","Local adaptation and cogradient selection in the alpine plant, Poa hiemata, along a narrow altitudinal gradient","Y",NA,NA,NA
"300",498,"Skelly, David K.; Joseph, Liana N.; Possingham, Hugh P.; Freidenburg, L. Kealoha; Farrugia, Thomas J.; Kinnison, Michael T.; Hendry, Andrew P.","Evolutionary responses to climate change","Y",NA,NA,NA
"301",505,"Ghalambor, C. K.; McKay, J. K.; Carroll, S. P.; Reznick, D. N.","Adaptive versus non-adaptive phenotypic plasticity and the potential for contemporary adaptation in new environments","Y",NA,NA,NA
"302",509,"Giordano, Andrew R.; Ridenhour, Benjamin J.; Storfer, Andrew","The influence of altitude and topography on genetic structure in the long-toed salamander (Ambystoma macrodactulym)","Y",NA,NA,NA
"303",514,"Armbruster, Peter; Conn, Jan E.","Geographic variation of larval growth in North American Aedes albopictus (Diptera : Culicidae)","Y",NA,NA,NA
"304",521,"Yamahira, Kazunori; Lankford, Thomas E., Jr.; Conover, David O.","Intra- and interspecific latitudinal variation in vertebral number of Menidia spp. (Teleostei : Atherinopsidae)","Y",NA,NA,NA
"305",527,"Arnott, Stephen A.; Chiba, Susumu; Conover, David O.","Evolution of intrinsic growth rate: Metabolic costs drive trade-offs between growth and swimming performance in Menidia menidia","Y",NA,NA,NA
"306",529,"Oufiero, Christopher E.; Angilletta, Michael J., Jr.","Convergent evolution of embryonic growth and development in the eastern fence lizard (Sceloporus undulatus)","Y",NA,NA,NA
"307",532,"Ficetola, GF; De Bernardi, F","Trade-off between larval development rate and post-metamorphic traits in the frog Rana latastei","Y",NA,NA,NA
"308",544,"Grether, GF","Environmental change, phenotypic plasticity, and genetic compensation","Y",NA,NA,NA
"309",548,"McLean, MA; Angilletta, MJ; Williams, KS","If you can't stand the heat, stay out of the city: Thermal reaction norms of chitinolytic fungi in an urban heat island","Y",NA,NA,NA
"310",556,"Craig, JK; Foote, CJ; Wood, CC","Countergradient variation in carotenoid use between sympatric morphs of sockeye salmon (Oncorhynchus nerka) exposes nonanadromous hybrids in the wild by their mismatched spawning colour","Y",NA,NA,NA
"311",560,"Weider, LJ; Elser, JJ; Crease, TJ; Mateos, M; Cotner, JB; Markow, TA","The functional significance of ribosomal (r)DNA variation: Impacts on the evolutionary ecology of organisms",NA,"Y",NA,NA
"312",569,"Garant, D; Kruuk, LEB; McCleery, RH; Sheldon, BC","Evolution in a changing environment: A case study with great tit fledging mass","Y",NA,NA,NA
"313",579,"Foote, CJ; Brown, GS; Hawryshyn, CW","Female colour and male choice in sockeye salmon: implications for the phenotypic convergence of anadromous and nonanadromous morphs","Y",NA,NA,NA
"314",580,"Angilletta, MJ; Oufiero, CE; Sears, MW","Thermal adaption of maternal and embryonic phenotypes in a geographically widespread ectotherm","Y",NA,NA,NA
"315",583,"Eckhart, VM; Geber, MA; McGuire, CM","Experimental studies of adaptation in Clarkia xantiana. I. Sources of trait variation across a subspecies border","Y",NA,NA,NA
"316",591,"Laugen, AT; Laurila, A; Rasanen, K; Merila, J","Latitudinal countergradient variation in the common frog (Rana temporaria) development rates - evidence for local adaptation","Y",NA,NA,NA
"317",592,"Loman, J","Growth and development of larval Rana temporaria: Local variation and countergradient selection","Y",NA,NA,NA
"318",595,"Munch, SB; Mangel, M; Conover, DO","Quantifying natural selection on body size from field data: Winter mortality in Menidia menidia","Y",NA,NA,NA
"319",603,"Sommer, S; Pearman, PB","Quantitative genetic analysis of larval life history traits in two alpine populations of Rana temporaria","Y",NA,NA,NA
"320",608,"Garvey, JE; Devries, DR; Wright, RA; Miner, JG","Energetic adaptations along a broad latitudinal gradient: Implications for widely distributed assemblages","Y",NA,NA,NA
"321",617,"Addo-Bediako, A; Chown, SL; Gaston, KJ","Metabolic cold adaptation in insects: a large-scale perspective","Y",NA,NA,NA
"322",619,"Yamahira, K; Conover, DO","Intra- vs. interspecific latitudinal variation in growth: Adaptation to temperature or seasonality?","Y",NA,NA,NA
"323",635,"Trussell, GC; Etter, RJ","Integrating genetic and environmental forces that shape the evolution of geographic variation in a marine snail","Y",NA,NA,NA
"324",639,"Billerbeck, JM; Lankford, TE; Conover, DO","Evolution of intrinsic growth and energy acquisition rates. I. Trade-offs with swimming performance in Menidia menidia","Y",NA,NA,NA
"325",640,"Lankford, TE; Billerbeck, JM; Conover, DO","Evolution of intrinsic growth and energy acquisition rates. II. Trade-offs with vulnerability to predation in Menidia menidia","Y",NA,NA,NA
"326",641,"Kinnison, MT; Unwin, MJ; Hendry, AP; Quinn, TP","Migratory costs and the evolution of egg size and number in introduced and indigenous salmon populations","Y",NA,NA,NA
"327",644,"Dawson, MN; Martin, LE","Geographic variation and ecological adaptation in Aurelia (Scyphozoa, Semaeostomeae): some implications from molecular phylogenetics","Y",NA,NA,NA
"328",645,"Lankford, TE; Targett, TE","Physiological performance of young-of-the-year Atlantic croakers from different Atlantic coast estuaries: Implications for stock structure","Y",NA,NA,NA
"329",646,"Niewiarowski, PH","Energy budgets, growth rates, and thermal constraints: Toward an integrative approach to the study of life-history variation","Y",NA,NA,NA
"330",648,"Craig, JK; Foote, CJ","Countergradient variation and secondary sexual color: Phenotypic convergence promotes genetic divergence in carotenoid use between sympatric anadromous and nonanadromous morphs of sockeye salmon (Oncorhynchus nerka)","Y",NA,NA,NA
"331",651,"Merila, J; Laurila, A; Laugen, AT; Rasanen, K; Pahkala, M","Plasticity in age and size at metamorphosis in Rana temporaria - comparison of high and low latitude populations","Y",NA,NA,NA
"332",654,"Trussell, GC","Phenotypic clines, plasticity, and morphological trade-offs in an intertidal snail","Y",NA,NA,NA
"333",658,"Arendt, JD; Wilson, DS","Countergradient selection for rapid growth in pumpkinseed sunfish: Disentangling ecological and evolutionary effects","Y",NA,NA,NA
"334",660,"Miaud, C; Guyetant, R; Elmberg, J","Variations in life-history traits in the common frog Rana temporaria (Amphibia : Anura): a literature review and new data from the French Alps",NA,"Y",NA,NA
"335",661,"Arnett, AE; Gotelli, NJ","Geographic variation in life-history traits of the ant lion, Myrmeleon immaculatus: Evolutionary implications of Bergmann's rule","Y",NA,NA,NA
"336",665,"Brown, JJ; Ehtisham, A; Conover, DO","Variation in larval growth rate among striped bass stocks from different latitudes","Y",NA,NA,NA
"337",667,"Schultz, ET; Conover, DO; Ehtisham, A","The dead of winter: size dependent variation and genetic differences in seasonal mortality among Atlantic silverside (Atherinidae : Menidia menidia) from different latitudes","Y",NA,NA,NA
"338",669,"Conover, DO","Local adaptation in marine fishes: Evidence and implications for stock enhancement","Y",NA,NA,NA
"339",671,"Nylin, S; Gotthard, K","Plasticity in life-history traits",NA,"Y",NA,NA
"340",673,"Arendt, JD; Wilson, DS","Optimistic growth: Competition and an ontogenetic niche-shift select for rapid growth in pumpkinseed sunfish (Lepomis gibbosus)","Y",NA,NA,NA
"341",677,"Billerbeck, JN; Orti, G; Conover, DO","Latitudinal variation in vertebral number has a genetic basis in the Atlantic silverside, Menidia menidia","Y",NA,NA,NA
"342",678,"Parsons, KE","Contrasting patterns of heritable geographic variation in shell morphology and growth potential in the marine gastropod Bembicium vittatum: Evidence from field experiments","Y",NA,NA,NA
"343",680,"Stam, E","Temperature responses and physiological time: A comparison of three European populations of Orchesella cincta",NA,"Y","Not available online",NA
"344",681,"Arendt, JD","Adaptive intrinsic growth rates: An integration across taxa","Y",NA,NA,NA
"345",682,"Schultz, ET; Conover, DO","Latitudinal differences in somatic energy storage: Adaptive responses to seasonality in an estuarine fish (Atherinidae: Menidia menidia)","Y",NA,NA,NA
"346",683,"Schultz, ET; Reynolds, KE; Conover, DO","Countergradient variation in growth among newly hatched Fundulus heteroclitus: Geographic differences revealed by common-environment experiments","Y",NA,NA,NA
