"","Paper..Authors...Year.","Paper.Name","Trait","Counter.or.Co","Population.Number","Comparison.a.or.b.","Point.on.gradient","Treatment","Experiment..","Population.Home.Env","Comparison.population","Value","Standard.Deviation","Sample.Size","Notes","alt_trait","yi","vi"
"573","Finstad and Forseth 2006","Adaptation to ice-cover conditions in Atlantic salmon, Salmo salar L.","digestion rate","Counter",6,"b","58.90955","high light","1",6,"b",12.69486508,9.798776661,20,"","metabolic_rate",1.05294212514445,0.113858588986297
"579","Finstad and Forseth 2006","Adaptation to ice-cover conditions in Atlantic salmon, Salmo salar L.","digestion rate","Counter",6,"b","58.90955","low light","1",1,"a",1.832377583,3.119938041,20,"","metabolic_rate",2.30062027982303,0.166160670899162
"561","Finstad and Forseth 2006","Adaptation to ice-cover conditions in Atlantic salmon, Salmo salar L.","growth rate","Counter",6,"b","58.90955","high light","1",6,"b",0.3779808188,0.1620336338,20,"","growth_rate",0.258169223032914,0.100833141846518
"567","Finstad and Forseth 2006","Adaptation to ice-cover conditions in Atlantic salmon, Salmo salar L.","growth rate","Counter",6,"b","58.90955","low light","1",1,"a",-0.04655618495,0.1957580851,20,"","growth_rate",1.07042223007853,0.114322546883079
"1348","Aichelman et al. 2019","Adaptive signatures in thermal performance of the temperate coral Astrangia poculata","respiration","counter",1,"a","","12","1",NA,"",0.1105166854,0.1259625304,8,"","metabolic_rate",0.0770661234983573,0.250185599605971
"1349","Aichelman et al. 2019","Adaptive signatures in thermal performance of the temperate coral Astrangia poculata","respiration","counter",1,"a","","15","1",NA,"",0.2289980988,0.1575585024,8,"","metabolic_rate",0.663933949698304,0.263775259048812
"1350","Aichelman et al. 2019","Adaptive signatures in thermal performance of the temperate coral Astrangia poculata","respiration","counter",1,"a","","18","1",NA,"",0.4511669705,0.2835561459,8,"","metabolic_rate",1.04063007135786,0.283840967044196
"1351","Aichelman et al. 2019","Adaptive signatures in thermal performance of the temperate coral Astrangia poculata","respiration","counter",1,"a","","22","1",NA,"",0.9020825087,0.3387305901,8,"","metabolic_rate",1.0448752997211,0.284117637248977
"1352","Aichelman et al. 2019","Adaptive signatures in thermal performance of the temperate coral Astrangia poculata","respiration","counter",1,"a","","26","1",NA,"b",0.9108583089,0.3505110479,8,"","metabolic_rate",0.659833154797747,0.263605618505323
"1353","Aichelman et al. 2019","Adaptive signatures in thermal performance of the temperate coral Astrangia poculata","respiration","counter",1,"a","","29","1",NA,"",0.9147109015,0.5435162631,8,"","metabolic_rate",0.187618894750828,0.25110002655211
"1354","Aichelman et al. 2019","Adaptive signatures in thermal performance of the temperate coral Astrangia poculata","respiration","counter",1,"a","","32","1",NA,"",0.5309602445,0.3149941088,8,"","metabolic_rate",-0.0130358075172891,0.250005310383676
"1346","Aichelman et al. 2019","Adaptive signatures in thermal performance of the temperate coral Astrangia poculata","respiration","counter",1,"a","","6","1",NA,"a",0.1628795006,0.1732950404,8,"","metabolic_rate",0.396650658657781,0.254916617031677
"1347","Aichelman et al. 2019","Adaptive signatures in thermal performance of the temperate coral Astrangia poculata","respiration","counter",1,"a","","9","1",NA,"",0.2158830629,0.2126627203,8,"","metabolic_rate",0.262092534305095,0.252146640516827
"1","Billerbeck et al. 2000","Adaptive variation in energy acquisition and allocation among latitudinal populations of the Atlantic silverside","metabolic rate","Counter",1,"a","","17","1",1,"a",0.2793606802,0.09769923882,39,"","metabolic_rate",0.21795759102491,0.0562739553293711
"2","Billerbeck et al. 2000","Adaptive variation in energy acquisition and allocation among latitudinal populations of the Atlantic silverside","metabolic rate","Counter",1,"a","","17","1",1,"a",0.2793606802,0.09769923882,39,"","metabolic_rate",0.201007112622783,0.0502525241207809
"11","Billerbeck et al. 2000","Adaptive variation in energy acquisition and allocation among latitudinal populations of the Atlantic silverside","metabolic rate","Counter",1,"a","","28","1",2,"b",0.35750116,0.06970126056,39,"","metabolic_rate",0.525200446785026,0.0530502276237384
"21","Billerbeck et al. 2000","Adaptive variation in energy acquisition and allocation among latitudinal populations of the Atlantic silverside","metabolic rate","Counter",1,"a","","28","1",2,"b",0.35750116,0.06970126056,39,"","metabolic_rate",0.488663412996154,0.0298506954029024
"629","Laurila et al. 2008","Antipredator defenses along a latitudinal gradient in Rana temporaria","developmental rate","Counter",7,"b","55.433333","15","1",NA,"a",56.54041735,3.721359621,12,"","developmental_rate",-2.97466039422095,0.351012592936391
"636","Laurila et al. 2008","Antipredator defenses along a latitudinal gradient in Rana temporaria","developmental rate","Counter",7,"b","55.433333","18","1",NA,"b",32.18484263,4.460097925,12,"","developmental_rate",-0.944264046961184,0.185242387299657
"650","Laurila et al. 2008","Antipredator defenses along a latitudinal gradient in Rana temporaria","growth rate","Counter",7,"b","55.433333","15","1",NA,"a",0.01427134839,0.002411091262,12,"","growth_rate",2.07528258367868,0.256391620877501
"643","Laurila et al. 2008","Antipredator defenses along a latitudinal gradient in Rana temporaria","growth rate","Counter",7,"b","55.433333","18","1",NA,"b",0.02293988596,0.003483544655,12,"","growth_rate",0.592269802799066,0.173974656652243
"529","Oufiero and Angilletta 2006; exp 1","CONVERGENT EVOLUTION OF EMBRYONIC GROWTH AND DEVELOPMENT IN THE EASTERN FENCE LIZARD (SCELOPORUS UNDULATUS)","developmental rate","Counter",1,"a","39.175758","24","1",1,"a",73.9657513,3.506847182,12,"","developmental_rate",-1.74775956544102,0.334851763849738
"531","Oufiero and Angilletta 2006; exp 1","CONVERGENT EVOLUTION OF EMBRYONIC GROWTH AND DEVELOPMENT IN THE EASTERN FENCE LIZARD (SCELOPORUS UNDULATUS)","developmental rate","Counter",1,"a","39.175758","27","1",2,"b",62.406639,2.640735472,12,"","developmental_rate",-2.07642348349797,0.369764846745052
"533","Oufiero and Angilletta 2006; exp 2","CONVERGENT EVOLUTION OF EMBRYONIC GROWTH AND DEVELOPMENT IN THE EASTERN FENCE LIZARD (SCELOPORUS UNDULATUS)","developmental rate","Counter",1,"","37.164089","24","2",1,"a",76.73719376,1.707217121,9,"Virginia was added as a high elevation comparison but not quite along the latitudinal gradient","developmental_rate",-0.633216305614608,0.305986769870103
"536","Oufiero and Angilletta 2006; exp 2","CONVERGENT EVOLUTION OF EMBRYONIC GROWTH AND DEVELOPMENT IN THE EASTERN FENCE LIZARD (SCELOPORUS UNDULATUS)","developmental rate","Counter",1,"","37.164089","27","2",2,"b",65.0617284,1.511715797,9,"Virginia was added as a high elevation comparison but not quite along the latitudinal gradient","developmental_rate",-1.66066730540861,0.390160091639991
"539","Oufiero and Angilletta 2006; exp 1","CONVERGENT EVOLUTION OF EMBRYONIC GROWTH AND DEVELOPMENT IN THE EASTERN FENCE LIZARD (SCELOPORUS UNDULATUS)","growth rate","Counter",1,"a","39.175758","24","1",1,"a",44.80398218,4.056325076,12,"","growth_rate",1.0160042806335,0.278674019396267
"544","Oufiero and Angilletta 2006; exp 1","CONVERGENT EVOLUTION OF EMBRYONIC GROWTH AND DEVELOPMENT IN THE EASTERN FENCE LIZARD (SCELOPORUS UNDULATUS)","growth rate","Counter",1,"a","39.175758","27","1",2,"b",44.59962277,4.073775402,12,"","growth_rate",1.32012101294955,0.298408874689748
"541","Oufiero and Angilletta 2006; exp 2","CONVERGENT EVOLUTION OF EMBRYONIC GROWTH AND DEVELOPMENT IN THE EASTERN FENCE LIZARD (SCELOPORUS UNDULATUS)","growth rate","Counter",1,"","37.164089","24","2",1,"a",45.62557292,2.509200401,9,"Virginia was added as a high elevation comparison but not quite along the latitudinal gradient","growth_rate",1.51683079179669,0.373837225628901
"546","Oufiero and Angilletta 2006; exp 2","CONVERGENT EVOLUTION OF EMBRYONIC GROWTH AND DEVELOPMENT IN THE EASTERN FENCE LIZARD (SCELOPORUS UNDULATUS)","growth rate","Counter",1,"","37.164089","27","2",2,"b",46.40860768,2.392893886,9,"Virginia was added as a high elevation comparison but not quite along the latitudinal gradient","growth_rate",0.64413155171848,0.306484718663783
"1025","Schutze and Clarke 2008","Converse Bergmann cline in a Eucalyptusherbivore, Paropsis atomaria Olivier (Coleoptera: Chrysomelidae): phenotypic plasticity or local adaptation?","developmental rate","Counter",1,"a","35.316667","16","1",1,"a",64.00460447,1.515602552,10,"","developmental_rate",-0.724378927024443,0.213118120747927
"1026","Schutze and Clarke 2008","Converse Bergmann cline in a Eucalyptusherbivore, Paropsis atomaria Olivier (Coleoptera: Chrysomelidae): phenotypic plasticity or local adaptation?","developmental rate","Counter",1,"a","35.316667","20","1",NA,"",39.69506089,0.8032693525,10,"","developmental_rate",0.0262133583499987,0.225019087226555
"1027","Schutze and Clarke 2008","Converse Bergmann cline in a Eucalyptusherbivore, Paropsis atomaria Olivier (Coleoptera: Chrysomelidae): phenotypic plasticity or local adaptation?","developmental rate","Counter",1,"a","35.316667","24","1",NA,"",31.57476272,1.499447977,9,"","developmental_rate",0.0887564755225821,0.278040368176017
"1028","Schutze and Clarke 2008","Converse Bergmann cline in a Eucalyptusherbivore, Paropsis atomaria Olivier (Coleoptera: Chrysomelidae): phenotypic plasticity or local adaptation?","developmental rate","Counter",1,"a","35.316667","27","1",2,"b",28.89663908,1.355596133,8,"","developmental_rate",-0.728810165215391,0.31063681869957
"742","Schultz et al. 1996","Countergradient Variation in Growth Among Newly Hatched Fundulus Heteroclitus: Geographic Differences Revealed by Common-Environment Experiments","growth rate fresh mass","Counter",1,"a","44.916667","17","2",1,"a",83,2,60,"","growth_rate",4.4359728468714,0.115324396242418
"746","Schultz et al. 1996","Countergradient Variation in Growth Among Newly Hatched Fundulus Heteroclitus: Geographic Differences Revealed by Common-Environment Experiments","growth rate fresh mass","Counter",1,"a","44.916667","21","2",2,"",184,16,60,"","growth_rate",3.97076194834331,0.0990289602100465
"750","Schultz et al. 1996","Countergradient Variation in Growth Among Newly Hatched Fundulus Heteroclitus: Geographic Differences Revealed by Common-Environment Experiments","growth rate fresh mass","Counter",1,"a","44.916667","28","2",3,"b",218,7,60,"","growth_rate",4.57069024839737,0.120380038944978
"688","Schultz et al. 1996","Countergradient Variation in Growth Among Newly Hatched Fundulus Heteroclitus: Geographic Differences Revealed by Common-Environment Experiments","growth rate length","Counter",1,"a","44.916667","17","1",1,"a",278,8,60,"","growth_rate",8.81845129446231,0.357354513470017
"693","Schultz et al. 1996","Countergradient Variation in Growth Among Newly Hatched Fundulus Heteroclitus: Geographic Differences Revealed by Common-Environment Experiments","growth rate length","Counter",1,"a","44.916667","21","1",2,"",461,4,60,"","growth_rate",4.4359728468714,0.115324396242418
"698","Schultz et al. 1996","Countergradient Variation in Growth Among Newly Hatched Fundulus Heteroclitus: Geographic Differences Revealed by Common-Environment Experiments","growth rate length","Counter",1,"a","44.916667","28","1",5,"b",582,7,60,"","growth_rate",3.45084388082274,0.0829513478742157
"718","Schultz et al. 1996","Countergradient Variation in Growth Among Newly Hatched Fundulus Heteroclitus: Geographic Differences Revealed by Common-Environment Experiments","growth rate length","Counter",1,"a","44.916667","17","2",1,"a",154,7,60,"","growth_rate",-1.35568866746608,0.0409912156795665
"722","Schultz et al. 1996","Countergradient Variation in Growth Among Newly Hatched Fundulus Heteroclitus: Geographic Differences Revealed by Common-Environment Experiments","growth rate length","Counter",1,"a","44.916667","21","2",2,"",508,21,60,"","growth_rate",3.88103336518869,0.0960934165904494
"726","Schultz et al. 1996","Countergradient Variation in Growth Among Newly Hatched Fundulus Heteroclitus: Geographic Differences Revealed by Common-Environment Experiments","growth rate length","Counter",1,"a","44.916667","28","2",3,"b",786,24,60,"","growth_rate",3.77827299257666,0.0928139450268091
"880","Imsland et al. 2000b","Countergradient variation in growth and food conversion efficiency of juvenile turbot","food conversion efficiency","Counter",1,"a","59","10","1",1,"a",0.4,0.12,22,"","metabolic_rate",0.656186284197282,0.0854746355645175
"881","Imsland et al. 2000b","Countergradient variation in growth and food conversion efficiency of juvenile turbot","food conversion efficiency","Counter",1,"a","59","14","1",NA,"",1.55,0.1,17,"","metabolic_rate",2.00715002596391,0.14412984957943
"882","Imsland et al. 2000b","Countergradient variation in growth and food conversion efficiency of juvenile turbot","food conversion efficiency","Counter",1,"a","59","18","1",NA,"",1.35,0.39,18,"","metabolic_rate",1.49805028333717,0.109247102069621
"883","Imsland et al. 2000b","Countergradient variation in growth and food conversion efficiency of juvenile turbot","food conversion efficiency","Counter",1,"a","59","22","1",3,"b",1.25,0.07,25,"","metabolic_rate",7.18003885007074,0.551824961292218
"868","Imsland et al. 2000b","Countergradient variation in growth and food conversion efficiency of juvenile turbot","growth rate","Counter",1,"a","59","10","1",1,"a",1.632242092,0.3015956636,22,"","growth_rate",0.352487696132493,0.0824113069280791
"869","Imsland et al. 2000b","Countergradient variation in growth and food conversion efficiency of juvenile turbot","growth rate","Counter",1,"a","59","14","1",NA,"",2.359425753,0.3181408662,17,"","growth_rate",0.560035796478679,0.100932045702809
"870","Imsland et al. 2000b","Countergradient variation in growth and food conversion efficiency of juvenile turbot","growth rate","Counter",1,"a","59","18","1",NA,"",2.739043603,0.4092053132,18,"","growth_rate",0.470615740705906,0.0890203473095572
"871","Imsland et al. 2000b","Countergradient variation in growth and food conversion efficiency of juvenile turbot","growth rate","Counter",1,"a","59","22","1",3,"b",2.99649067,0.5161212421,25,"","growth_rate",0.64581419544978,0.0783445732044345
"661","Conover and Present 1990","Countergradient variation in growth rate: compensation for length of the growing season among Atlantic silversides from different latitudes","growth rate","Counter",1,"a","","17","1",1,"a",0.3447878788,0.01443939394,90,"","growth_rate",5.06627551296658,0.0935198543702354
"662","Conover and Present 1990","Countergradient variation in growth rate: compensation for length of the growing season among Atlantic silversides from different latitudes","growth rate","Counter",1,"a","","21","1",2,"",0.6593939394,0.009015151515,90,"","growth_rate",19.158205603776,1.04176900543487
"663","Conover and Present 1990","Countergradient variation in growth rate: compensation for length of the growing season among Atlantic silversides from different latitudes","growth rate","Counter",1,"a","","28","1",3,"b",1.418666667,0.03065151515,90,"","growth_rate",15.8374057092892,0.718953943335077
"670","Conover and Present 1990","Countergradient variation in growth rate: compensation for length of the growing season among Atlantic silversides from different latitudes","growth rate","Counter",1,"a","","17","2",1,"a",0.3024464641,0.01111180279,90,"","growth_rate",1.80375811714859,0.0312598426254984
"671","Conover and Present 1990","Countergradient variation in growth rate: compensation for length of the growing season among Atlantic silversides from different latitudes","growth rate","Counter",1,"a","","21","2",2,"",0.5067542331,0.01666770418,90,"","growth_rate",5.7259923394073,0.113297189641531
"672","Conover and Present 1990","Countergradient variation in growth rate: compensation for length of the growing season among Atlantic silversides from different latitudes","growth rate","Counter",1,"a","","28","2",3,"",1.271943476,0.0203872012,90,"","growth_rate",14.2292491433456,0.584643142176112
"673","Conover and Present 1990","Countergradient variation in growth rate: compensation for length of the growing season among Atlantic silversides from different latitudes","growth rate","Counter",1,"a","","32","2",4,"b",1.320810508,0.01853523406,90,"","growth_rate",27.0738271900013,2.05831144087237
"1229","Grether et al. 2005","Countergradient variation in the sexual coloration of guppies (Poecilia Reticulata): Drosopterin synthesis balances carotenoid availability","carotenoid concentration","Counter",1,"a","","high","1",2,"b",0.9273984094,0.5404016056,38,"","carotenoid_concentration",-0.0104214552783555,0.0526322934653297
"1230","Grether et al. 2005","Countergradient variation in the sexual coloration of guppies (Poecilia Reticulata): Drosopterin synthesis balances carotenoid availability","carotenoid concentration","Counter",1,"a","","low","1",1,"a",1.344944095,0.674768904,38,"","carotenoid_concentration",0.736069050102549,0.0561960371481505
"1231","Grether et al. 2005","Countergradient variation in the sexual coloration of guppies (Poecilia Reticulata): Drosopterin synthesis balances carotenoid availability","carotenoid concentration","Counter",1,"a","","trace","1",NA,"",1.933317052,0.7835823281,38,"","carotenoid_concentration",1.43364800405661,0.0661535960495756
"1235","Grether et al. 2005","Countergradient variation in the sexual coloration of guppies (Poecilia Reticulata): Drosopterin synthesis balances carotenoid availability","carotenoid concentration","Counter",1,"a","","high","2",2,"b",0.6336026843,0.2161606422,38,"","carotenoid_concentration",0.409376762409019,0.0537341403526348
"1236","Grether et al. 2005","Countergradient variation in the sexual coloration of guppies (Poecilia Reticulata): Drosopterin synthesis balances carotenoid availability","carotenoid concentration","Counter",1,"a","","low","2",1,"a",1.165112501,0.8376224886,38,"","carotenoid_concentration",0.0899528072811607,0.0526848125495905
"1237","Grether et al. 2005","Countergradient variation in the sexual coloration of guppies (Poecilia Reticulata): Drosopterin synthesis balances carotenoid availability","carotenoid concentration","Counter",1,"a","","trace","2",NA,"",1.679089374,0.8376224886,38,"","carotenoid_concentration",0.0332926865980633,0.0526388710722429
"1241","Grether et al. 2005","Countergradient variation in the sexual coloration of guppies (Poecilia Reticulata): Drosopterin synthesis balances carotenoid availability","carotenoid concentration","Counter",1,"a","","high","3",2,"b",0.861530947,0.2972208831,38,"","carotenoid_concentration",0.126729831338148,0.052737239803625
"1242","Grether et al. 2005","Countergradient variation in the sexual coloration of guppies (Poecilia Reticulata): Drosopterin synthesis balances carotenoid availability","carotenoid concentration","Counter",1,"a","","low","3",1,"a",0.9371842382,0.1351004014,38,"","carotenoid_concentration",-0.161442091047216,0.0528030496629059
"1243","Grether et al. 2005","Countergradient variation in the sexual coloration of guppies (Poecilia Reticulata): Drosopterin synthesis balances carotenoid availability","carotenoid concentration","Counter",1,"a","","trace","3",NA,"",0.9996878219,0.188407459,38,"","carotenoid_concentration",-0.358477082604821,0.0534770119654794
"1109","Poykko and Tammaru 2010","Countergradient vs. cogradient variation in growth and diapause in a lichen‐feeding moth, Eilema depressum (Lepidoptera: Arctiidae)","mass","Counter",1,"a","46.5","18:13","1",1,"a",4.814633375,1.061946903,36,"different experiments refer to different light exposures 14:10 and 16:8, n of 36 is an approximation of samples that ran from 32-40, only used high quality food treatments (M. exasperata)","body_size",-1.78637724663207,0.0777162754672553
"1111","Poykko and Tammaru 2010","Countergradient vs. cogradient variation in growth and diapause in a lichen‐feeding moth, Eilema depressum (Lepidoptera: Arctiidae)","mass","Counter",1,"a","46.5","25:18:00","1",2,"b",5.829329962,1.85840708,36,"different experiments refer to different light exposures 14:10 and 16:8, n of 36 is an approximation of samples that ran from 32-40, only used high quality food treatments (M. exasperata)","body_size",-2.18897764836876,0.0888307162851251
"1113","Poykko and Tammaru 2010","Countergradient vs. cogradient variation in growth and diapause in a lichen‐feeding moth, Eilema depressum (Lepidoptera: Arctiidae)","mass","Counter",1,"a","46.5","18:13","2",1,"a",4.359676908,1.33037694,36,"different experiments refer to different light exposures 14:10 and 16:8, n of 36 is an approximation of samples that ran from 32-40, only used high quality food treatments (M. exasperata)","body_size",-0.960773529305923,0.0619658734348261
"1115","Poykko and Tammaru 2010","Countergradient vs. cogradient variation in growth and diapause in a lichen‐feeding moth, Eilema depressum (Lepidoptera: Arctiidae)","mass","Counter",1,"a","46.5","25:18:00","2",2,"b",5.465315173,1.596452328,36,"different experiments refer to different light exposures 14:10 and 16:8, n of 36 is an approximation of samples that ran from 32-40, only used high quality food treatments (M. exasperata)","body_size",-1.27236899164329,0.0667980753534401
"12","Sniegula et al 2012, puella","Differentiation in developmental rate across geographic regions: a photoperiod driven latitude compensating mechanism?","growth rate","counter",1,"a","","north","1",1,"a",0.01527925776,0.003375929094,45,"C puella","growth_rate",1.69245205072516,0.047490530322238
"22","Sniegula et al 2012, puella","Differentiation in developmental rate across geographic regions: a photoperiod driven latitude compensating mechanism?","growth rate","counter",1,"a","","north","1",1,"a",0.01527925776,0.003375929094,45,"C puella","growth_rate",1.87368336546002,0.0708867801033413
"13","Sniegula et al 2012, puella","Differentiation in developmental rate across geographic regions: a photoperiod driven latitude compensating mechanism?","growth rate","counter",1,"a","","south","1",2,"b",0.01803379723,0.003479260515,45,"C puella","growth_rate",2.27795804635254,0.0571767758094818
"23","Sniegula et al 2012, puella","Differentiation in developmental rate across geographic regions: a photoperiod driven latitude compensating mechanism?","growth rate","counter",1,"a","","south","1",2,"b",0.01803379723,0.003479260515,45,"C puella","growth_rate",0.928173813614669,0.0576408664747333
"58","Trussel 2002","Evidence of countergradient variation in the growth of an intertidal snail in response to water velocity","body mass growth","Counter",1,"a","","high flow","1",2,"b",3.699352496,0.05765099535,20,"","growth_rate",11.7449639387403,1.82430222402887
"57","Trussel 2002","Evidence of countergradient variation in the growth of an intertidal snail in response to water velocity","body mass growth","Counter",1,"a","","low flow","1",1,"a",1.175032412,0.2306616324,20,"","growth_rate",2.86490214187915,0.202595803531797
"46","Trussel 2002","Evidence of countergradient variation in the growth of an intertidal snail in response to water velocity","shell length growth","Counter",1,"a","","high flow","1",2,"b",0.6012308826,0.09277189346,20,"","growth_rate",3.5947644863604,0.261529146404974
"45","Trussel 2002","Evidence of countergradient variation in the growth of an intertidal snail in response to water velocity","shell length growth","Counter",1,"a","","low flow","1",1,"a",0.4002542841,0.09273893134,20,"","growth_rate",2.65905414214218,0.188382111635544
"54","Trussel 2002","Evidence of countergradient variation in the growth of an intertidal snail in response to water velocity","shell mass growth","Counter",1,"a","","high flow","1",2,"b",11.06484432,2.871845396,20,"","growth_rate",1.95506952483673,0.147778710586816
"53","Trussel 2002","Evidence of countergradient variation in the growth of an intertidal snail in response to water velocity","shell mass growth","Counter",1,"a","","low flow","1",1,"a",7.661969171,3.174611629,20,"","growth_rate",1.80580877295143,0.140761816555854
"50","Trussel 2002","Evidence of countergradient variation in the growth of an intertidal snail in response to water velocity","shell thickness growth","Counter",1,"a","","high flow","1",2,"b",0.1046044823,0.3234261621,20,"","growth_rate",0.218066287303572,0.10059441132073
"49","Trussel 2002","Evidence of countergradient variation in the growth of an intertidal snail in response to water velocity","shell thickness growth","Counter",1,"a","","low flow","1",1,"a",0.06450361933,0.2539756274,20,"","growth_rate",0.216640436784968,0.10058666348563
"1280","Robinson 2013","Evolution of growth by genetic accommodation in Icelandic freshwater stickleback","growth rate","counter",1,"a","marine","high salinity","1",1,"a",4.113666094,0.1401236737,26,"","growth_rate",0.344921409511929,0.0643628322398695
"1281","Robinson 2013","Evolution of growth by genetic accommodation in Icelandic freshwater stickleback","growth rate","counter",1,"a","marine","low salinity","1",2,"b",4.084732234,0.1702777543,26,"","growth_rate",-1.38324323346039,0.0779567039381593
"491","Pardo and Johnson 2005","Explaining variation in life-history traits: growth rate, size, and fecundity in a marine snail across an environmental gradient lacking predators","growth rate","Counter",1,"a","","high","1",2,"b",0.2332548621,0.942647319,200,"experiments 1 and 2 refer to sex (1=male, 2= female)","growth_rate",0.349282397009681,0.010152497741076
"489","Pardo and Johnson 2005","Explaining variation in life-history traits: growth rate, size, and fecundity in a marine snail across an environmental gradient lacking predators","growth rate","Counter",1,"a","","low","1",1,"a",1.704851417,0.9982743016,200,"experiments 1 and 2 refer to sex (1=male, 2= female)","growth_rate",0.722936014128947,0.0106532956006558
"495","Pardo and Johnson 2005","Explaining variation in life-history traits: growth rate, size, and fecundity in a marine snail across an environmental gradient lacking predators","growth rate","Counter",1,"a","","high","2",2,"b",0.04463989968,2.717357189,200,"experiments 1 and 2 refer to sex (1=male, 2= female)","growth_rate",0.0231884495436215,0.0100006721302403
"493","Pardo and Johnson 2005","Explaining variation in life-history traits: growth rate, size, and fecundity in a marine snail across an environmental gradient lacking predators","growth rate","Counter",1,"a","","low","2",1,"a",1.335855061,1.663790503,200,"experiments 1 and 2 refer to sex (1=male, 2= female)","growth_rate",0.217203395546144,0.010058971643796
"556","Marcil et al. 2006","Genetic and environmental components of phenotypic variation in body shape among populations of Atlantic cod (Gadus morhua L.)","body shape","Counter",1,"a","","high","1",2,"b",0.008016888203,0.03787044868,1200,"used only high temperature treatment(fig. 3)","body_shape",0.403405239881124,0.00170056995574241
"555","Marcil et al. 2006","Genetic and environmental components of phenotypic variation in body shape among populations of Atlantic cod (Gadus morhua L.)","body shape","Counter",1,"a","","low","1",1,"a",0.006131539671,0.03342898136,1200,"used only high temperature treatment(fig. 3)","body_shape",0.471257351506425,0.00171293406069768
"1276","Kivela et al. 2012","Genetic and phenotypic variation in juvenile development in relation to temperature and developmental pathway in a geometrid moth","growth rate","counter",1,"a","north","14","2",1,"a",-0.92178478,0.014815,12,"standardized growth rate","growth_rate",1.93179047439639,0.268147297809893
"1278","Kivela et al. 2012","Genetic and phenotypic variation in juvenile development in relation to temperature and developmental pathway in a geometrid moth","growth rate","counter",1,"a","north","20","2",2,"b",1.01414159,0.113581663,12,"standardized growth rate","growth_rate",2.57368907139496,0.333875956883739
"1033","DiMichele and Westerman 1997","Geographic variation in development rate between populations of the teleost Fundulus heteroclitus","developmental rate","Counter",1,"a","41.526389","20","1",1,"a",10.5,1,50,"","developmental_rate",-2.23789344140635,0.0650408352754479
"1034","DiMichele and Westerman 1997","Geographic variation in development rate between populations of the teleost Fundulus heteroclitus","developmental rate","Counter",1,"a","41.526389","25","1",2,"b",9.1,1,50,"","developmental_rate",-3.19522192586326,0.0910472157775864
"807","Jonassen et al. 2000","Geographic variation in growth and food conversion efficiency of juvenile Atlantic halibut related to latitude","digestion rate","Counter",1,"a","66","12","1",NA,"",1.411863118,0.5011905097,19,"","metabolic_rate",0.603125610108166,0.110049480283794
"808","Jonassen et al. 2000","Geographic variation in growth and food conversion efficiency of juvenile Atlantic halibut related to latitude","digestion rate","Counter",1,"a","66","15","1",NA,"",1.243574144,0.7100198888,19,"","metabolic_rate",0.103640305209312,0.105404490958735
"809","Jonassen et al. 2000","Geographic variation in growth and food conversion efficiency of juvenile Atlantic halibut related to latitude","digestion rate","Counter",1,"a","66","18","1",3,"b",1.185323194,0.2509267301,19,"","metabolic_rate",0.366247380718366,0.107028120314251
"806","Jonassen et al. 2000","Geographic variation in growth and food conversion efficiency of juvenile Atlantic halibut related to latitude","digestion rate","Counter",1,"a","66","8","1",1,"a",1.123726236,1.482688591,19,"","metabolic_rate",0.183747569115764,0.105707410120473
"795","Jonassen et al. 2000","Geographic variation in growth and food conversion efficiency of juvenile Atlantic halibut related to latitude","growth rate","Counter",1,"a","66","12","1",NA,"",1.615437262,0.2868129769,56,"","growth_rate",0.713536741455339,0.0609999495324929
"796","Jonassen et al. 2000","Geographic variation in growth and food conversion efficiency of juvenile Atlantic halibut related to latitude","growth rate","Counter",1,"a","66","15","1",NA,"",1.710646388,0.4302194653,56,"","growth_rate",0.300932803063008,0.0584161586099784
"797","Jonassen et al. 2000","Geographic variation in growth and food conversion efficiency of juvenile Atlantic halibut related to latitude","growth rate","Counter",1,"a","66","18","1",3,"b",1.154144487,0.5377743316,56,"","growth_rate",-0.0532649490781166,0.0578746561583792
"794","Jonassen et al. 2000","Geographic variation in growth and food conversion efficiency of juvenile Atlantic halibut related to latitude","growth rate","Counter",1,"a","66","8","1",1,"a",1.197946768,0.322664599,56,"","growth_rate",0.724083530113028,0.0610935438360376
"782","Arnett and Gotelli 1999","GEOGRAPHIC VARIATION IN LIFE‐HISTORY TRAITS OF THE ANT LION, MYRMELEON IMMACULATUS: EVOLUTIONARY IMPLICATIONS OF BERGMANN'S RULE","developmental rate","Counter",1,"a","41.629821","hi","1",2,"b",4.834570741,0.3150684932,34,"","developmental_rate",-2.50379839753036,0.103410775998149
"783","Arnett and Gotelli 1999","GEOGRAPHIC VARIATION IN LIFE‐HISTORY TRAITS OF THE ANT LION, MYRMELEON IMMACULATUS: EVOLUTIONARY IMPLICATIONS OF BERGMANN'S RULE","developmental rate","Counter",1,"a","41.629821","low","1",1,"a",4.416605668,0.2876712329,34,"","developmental_rate",-3.57637901300529,0.15066788055749
"786","Arnett and Gotelli 1999","GEOGRAPHIC VARIATION IN LIFE‐HISTORY TRAITS OF THE ANT LION, MYRMELEON IMMACULATUS: EVOLUTIONARY IMPLICATIONS OF BERGMANN'S RULE","growth rate","Counter",1,"a","41.629821","hi","1",2,"b",0.8818458594,0.009183194154,34,"","growth_rate",1.22175376681986,0.0687997314420827
"787","Arnett and Gotelli 1999","GEOGRAPHIC VARIATION IN LIFE‐HISTORY TRAITS OF THE ANT LION, MYRMELEON IMMACULATUS: EVOLUTIONARY IMPLICATIONS OF BERGMANN'S RULE","growth rate","Counter",1,"a","41.629821","low","1",1,"a",0.8823547321,0.00850295755,34,"","growth_rate",0.355952520647308,0.0589013251393049
"778","Arnett and Gotelli 1999","GEOGRAPHIC VARIATION IN LIFE‐HISTORY TRAITS OF THE ANT LION, MYRMELEON IMMACULATUS: EVOLUTIONARY IMPLICATIONS OF BERGMANN'S RULE","mass","Counter",1,"a","41.629821","hi","1",2,"b",0.1570317864,0.004286051204,34,"","body_size",2.8501573365907,0.116848387794135
"779","Arnett and Gotelli 1999","GEOGRAPHIC VARIATION IN LIFE‐HISTORY TRAITS OF THE ANT LION, MYRMELEON IMMACULATUS: EVOLUTIONARY IMPLICATIONS OF BERGMANN'S RULE","mass","Counter",1,"a","41.629821","low","1",1,"a",0.1609090433,0.004081654045,34,"","body_size",4.06463005833688,0.177702160749308
"964","Armbruster and Conn 2006","Geographic Variation of Larval Growth in North American Aedes albopictus","developmental rate","Counter",3,"b","27","16","1",1,"a",17.9513059,2.580259668,250,"exp 1 is for females, exp 2 is for males","developmental_rate",-0.0621117095805095,0.00729295551134682
"963","Armbruster and Conn 2006","Geographic Variation of Larval Growth in North American Aedes albopictus","developmental rate","Counter",3,"b","27","26","1",3,"b",7.61224654,1.704828883,260,"exp 1 is for females, exp 2 is for males","developmental_rate",-0.26712098497513,0.00650571928658921
"982","Armbruster and Conn 2006","Geographic Variation of Larval Growth in North American Aedes albopictus","developmental rate","Counter",3,"b","27","16","2",1,"a",16.36026409,2.980606015,298,"exp 1 is for females, exp 2 is for males","developmental_rate",-0.0667400851466918,0.00602568060608369
"981","Armbruster and Conn 2006","Geographic Variation of Larval Growth in North American Aedes albopictus","developmental rate","Counter",3,"b","27","26","2",3,"b",6.613533956,1.576072755,332,"exp 1 is for females, exp 2 is for males","developmental_rate",-0.224924290218177,0.00614664246033575
"970","Armbruster and Conn 2006","Geographic Variation of Larval Growth in North American Aedes albopictus","growth rate","Counter",3,"b","27","16","1",1,"a",0.1437987676,0.01684229049,250,"exp 1 is for females, exp 2 is for males","growth_rate",0.302910908792909,0.00737228507289802
"969","Armbruster and Conn 2006","Geographic Variation of Larval Growth in North American Aedes albopictus","growth rate","Counter",3,"b","27","26","1",3,"b",0.2827532038,0.02864721984,260,"exp 1 is for females, exp 2 is for males","growth_rate",0.777120875218366,0.00691920005839517
"988","Armbruster and Conn 2006","Geographic Variation of Larval Growth in North American Aedes albopictus","growth rate","Counter",3,"b","27","16","2",1,"a",0.1197217988,0.02121818618,298,"exp 1 is for females, exp 2 is for males","growth_rate",0.222960762915193,0.00605930412973476
"987","Armbruster and Conn 2006","Geographic Variation of Larval Growth in North American Aedes albopictus","growth rate","Counter",3,"b","27","26","2",3,"b",0.2508204578,0.04981974129,332,"exp 1 is for females, exp 2 is for males","growth_rate",0.0988763942083064,0.00611548643361933
"976","Armbruster and Conn 2006","Geographic Variation of Larval Growth in North American Aedes albopictus","mass","Counter",3,"b","27","16","1",1,"a",2.544998444,0.1188366347,250,"exp 1 is for females, exp 2 is for males","body_size",0.641883923257545,0.00766132835112072
"975","Armbruster and Conn 2006","Geographic Variation of Larval Growth in North American Aedes albopictus","mass","Counter",3,"b","27","26","1",3,"b",2.006355649,0.1679183858,260,"exp 1 is for females, exp 2 is for males","body_size",1.19716927217396,0.00756306450834655
"1337","Sniegula et al. 2012","Growth Pattern Responses to Photoperiod across Latitudes in a Northern Damselfly","growth rate","counter",1,"a","","north","1",2,"b",0.01484897788,0.004932709206,90,"shorter light period in south, so southhern pop = a","growth_rate",1.54167079146897,0.0614448016731484
"1336","Sniegula et al. 2012","Growth Pattern Responses to Photoperiod across Latitudes in a Northern Damselfly","growth rate","counter",1,"a","","south","1",1,"a",0.01147315555,0.00505779947,90,"shorter light period in south, so southhern pop = a","growth_rate",0.86782509189016,0.0543855475898683
"1320","Liess et al. 2013","Hot tadpoles from cold environments need more nutrients–life history and stoichiometry reflects latitudinal adaptation","developmental rate","counter",1,"a","","cold","1",1,"a",0.03253029304,0.001369869116,16,"used only high quality food treatments","developmental_rate",-8.6834563090025,1.3031627104743
"1321","Liess et al. 2013","Hot tadpoles from cold environments need more nutrients–life history and stoichiometry reflects latitudinal adaptation","developmental rate","counter",1,"a","","warm","1",2,"b",0.02593866105,0.001917371277,16,"used only high quality food treatments","developmental_rate",-6.383982356878,0.761800480202025
"1324","Liess et al. 2013","Hot tadpoles from cold environments need more nutrients–life history and stoichiometry reflects latitudinal adaptation","dry metamorphic weight","counter",1,"a","","cold","1",1,"a",0.0516710139,0.004012539185,16,"used only high quality food treatments","body_size",5.69139863572344,0.631125287979917
"1325","Liess et al. 2013","Hot tadpoles from cold environments need more nutrients–life history and stoichiometry reflects latitudinal adaptation","dry metamorphic weight","counter",1,"a","","warm","1",2,"b",0.08530091651,0.006995142262,16,"used only high quality food treatments","body_size",7.91453163475657,1.10374704683692
"1316","Liess et al. 2013","Hot tadpoles from cold environments need more nutrients–life history and stoichiometry reflects latitudinal adaptation","growth rate","counter",1,"a","","cold","1",1,"a",1.687976647,0.1074626866,16,"used only high quality food treatments","growth_rate",2.65769448437801,0.235364687067083
"1317","Liess et al. 2013","Hot tadpoles from cold environments need more nutrients–life history and stoichiometry reflects latitudinal adaptation","growth rate","counter",1,"a","","warm","1",2,"b",2.250572831,0.1608715832,16,"used only high quality food treatments","growth_rate",3.66545649345112,0.334930801646609
"1205","Laurila et al. 2003","Influence of seasonal time constraints on growth and development of common frog tadpoles: a photoperiod experiment","body size","Counter",1,"a","69.05","16","1",1,"a",12.2014678,2.236067977,20,"only used ""normal"" treatments","body_size",1.58686925322263,0.131476925335292
"1206","Laurila et al. 2003","Influence of seasonal time constraints on growth and development of common frog tadpoles: a photoperiod experiment","body size","Counter",1,"a","69.05","20","1",2,"b",14.44839015,1.862331237,20,"only used ""normal"" treatments","body_size",2.38752271678289,0.171253309039429
"1209","Laurila et al. 2003","Influence of seasonal time constraints on growth and development of common frog tadpoles: a photoperiod experiment","development time","Counter",1,"a","69.05","16","1",1,"a",43.40422241,4.003648981,20,"only used ""normal"" treatments","developmental_rate",-2.48072157620733,0.176924744233258
"1210","Laurila et al. 2003","Influence of seasonal time constraints on growth and development of common frog tadpoles: a photoperiod experiment","development time","Counter",1,"a","69.05","20","1",2,"b",31.78754329,2.865238893,20,"only used ""normal"" treatments","developmental_rate",-3.09772474431237,0.219948732394064
"1217","Laurila et al. 2003","Influence of seasonal time constraints on growth and development of common frog tadpoles: a photoperiod experiment","growth rate","Counter",1,"a","69.05","16","1",1,"a",19.12896512,2.825966653,20,"only used ""normal"" treatments","growth_rate",2.3578683333466,0.169494288467483
"1218","Laurila et al. 2003","Influence of seasonal time constraints on growth and development of common frog tadpoles: a photoperiod experiment","growth rate","Counter",1,"a","69.05","20","1",2,"b",27.06130488,3.461246955,20,"only used ""normal"" treatments","growth_rate",3.64815677801549,0.266363098462254
"1213","Laurila et al. 2003","Influence of seasonal time constraints on growth and development of common frog tadpoles: a photoperiod experiment","weight","Counter",1,"a","69.05","16","1",1,"a",0.6927786466,0.1471780829,20,"only used ""normal"" treatments","body_size",0.940389287933576,0.111054150160753
"1214","Laurila et al. 2003","Influence of seasonal time constraints on growth and development of common frog tadpoles: a photoperiod experiment","weight","Counter",1,"a","69.05","20","1",2,"b",0.7532103013,0.1358566919,20,"only used ""normal"" treatments","body_size",1.1876634334846,0.117631805390455
"37","Trussel and Etter 2001","Integrating Genetic and Environmental Forces that Shape the Evolution of Geographic Variation in a Marine Snail","shell growth","Counter",1,"a","","N","1",1,"a",0.3176431282,0.5635983749,42,"","growth_rate",0.153490785894273,0.0447737428170485
"38","Trussel and Etter 2001","Integrating Genetic and Environmental Forces that Shape the Evolution of Geographic Variation in a Marine Snail","shell growth","Counter",1,"a","","S","1",2,"b",0.5977328592,0.7731318511,42,"","growth_rate",0.284700578233124,0.0450931594720031
"593","Yamahira et al. 2007","Inter‐and intrapopulation variation in thermal reaction norms for growth rate: evolution of latitudinal compensation in ectotherms with a genetic constraint","growth rate","Counter",1,"a","40.833333","20","1",1,"a",0.2767986115,0.01889031969,10,"","growth_rate",2.12383352449934,0.312766720994682
"594","Yamahira et al. 2007","Inter‐and intrapopulation variation in thermal reaction norms for growth rate: evolution of latitudinal compensation in ectotherms with a genetic constraint","growth rate","Counter",1,"a","40.833333","23","1",NA,"",0.3770505571,0.04150943396,10,"","growth_rate",1.23217803833626,0.237956567953955
"595","Yamahira et al. 2007","Inter‐and intrapopulation variation in thermal reaction norms for growth rate: evolution of latitudinal compensation in ectotherms with a genetic constraint","growth rate","Counter",1,"a","40.833333","26","1",NA,"",0.4716421253,0.04341862158,10,"","growth_rate",2.0149746487986,0.301503070882526
"596","Yamahira et al. 2007","Inter‐and intrapopulation variation in thermal reaction norms for growth rate: evolution of latitudinal compensation in ectotherms with a genetic constraint","growth rate","Counter",1,"a","40.833333","28","1",NA,"",0.5441520632,0.04907899894,10,"","growth_rate",2.09752862639048,0.309990658463188
"597","Yamahira et al. 2007","Inter‐and intrapopulation variation in thermal reaction norms for growth rate: evolution of latitudinal compensation in ectotherms with a genetic constraint","growth rate","Counter",1,"a","40.833333","30","1",NA,"",0.5223223784,0.07358490566,10,"","growth_rate",1.00245997131092,0.225123149852017
"598","Yamahira et al. 2007","Inter‐and intrapopulation variation in thermal reaction norms for growth rate: evolution of latitudinal compensation in ectotherms with a genetic constraint","growth rate","Counter",1,"a","40.833333","32","1",3,"b",0.4721908068,0.06037735849,10,"","growth_rate",0.770819059951722,0.214854050579621
"611","Yamahira et al. 2007","Inter‐and intrapopulation variation in thermal reaction norms for growth rate: evolution of latitudinal compensation in ectotherms with a genetic constraint","growth rate","Counter",1,"a","40.833333","20","2",1,"a",0.2350570082,0.01810526866,10,"","growth_rate",1.02575959635652,0.226304568737937
"612","Yamahira et al. 2007","Inter‐and intrapopulation variation in thermal reaction norms for growth rate: evolution of latitudinal compensation in ectotherms with a genetic constraint","growth rate","Counter",1,"a","40.833333","23","2",NA,"",0.3188390044,0.04403797421,10,"","growth_rate",0.790395685375952,0.215618133486523
"613","Yamahira et al. 2007","Inter‐and intrapopulation variation in thermal reaction norms for growth rate: evolution of latitudinal compensation in ectotherms with a genetic constraint","growth rate","Counter",1,"a","40.833333","26","2",NA,"",0.4298480371,0.03625662624,10,"","growth_rate",1.49884073057033,0.256163088390415
"614","Yamahira et al. 2007","Inter‐and intrapopulation variation in thermal reaction norms for growth rate: evolution of latitudinal compensation in ectotherms with a genetic constraint","growth rate","Counter",1,"a","40.833333","28","2",NA,"",0.4585576008,0.04141858659,10,"","growth_rate",0.897089044924752,0.2201192188631
"615","Yamahira et al. 2007","Inter‐and intrapopulation variation in thermal reaction norms for growth rate: evolution of latitudinal compensation in ectotherms with a genetic constraint","growth rate","Counter",1,"a","40.833333","30","2",NA,"",0.498900779,0.04530157908,10,"","growth_rate",1.63086284527588,0.266492840502534
"616","Yamahira et al. 2007","Inter‐and intrapopulation variation in thermal reaction norms for growth rate: evolution of latitudinal compensation in ectotherms with a genetic constraint","growth rate","Counter",1,"a","40.833333","32","2",3,"b",0.4719541169,0.04919993455,10,"","growth_rate",1.04237768961558,0.227163781195208
"892","Purchase and Brown 2000","Interpopulation differences in growth rates and food conversion efficiencies of young Grand Banks and Gulf of Maine Atlantic cod (Gadus morhua)","food conversion efficiency","Counter",1,"a","45","12","1",2,"b",1.038845212,0.0880335062,10,"","metabolic_rate",1.14374701431333,0.232703930818766
"893","Purchase and Brown 2000","Interpopulation differences in growth rates and food conversion efficiencies of young Grand Banks and Gulf of Maine Atlantic cod (Gadus morhua)","food conversion efficiency","Counter",1,"a","45","3","1",1,"a",0.6546719938,0.1403645349,10,"","metabolic_rate",0.654864351894508,0.210721182984555
"83","Yamahira and Conover 2002","INTRA‐ VS. INTERSPECIFIC LATITUDINAL VARIATION IN GROWTH: ADAPTATION TO TEMPERATURE OR SEASONALITY?","growth rate","Counter",1,"a","","17","1",1,"a",0.1687692072,0.01050392839,30,"","growth_rate",0.982105268974998,0.0747044229945704
"79","Yamahira and Conover 2002","INTRA‐ VS. INTERSPECIFIC LATITUDINAL VARIATION IN GROWTH: ADAPTATION TO TEMPERATURE OR SEASONALITY?","growth rate","Counter",1,"a","","21","1",2,"",0.4208634886,0.006206866778,30,"","growth_rate",12.7837143633363,1.4285279410281
"75","Yamahira and Conover 2002","INTRA‐ VS. INTERSPECIFIC LATITUDINAL VARIATION IN GROWTH: ADAPTATION TO TEMPERATURE OR SEASONALITY?","growth rate","Counter",1,"a","","28","1",3,"",0.7684480282,0.007639220649,30,"","growth_rate",13.9947616995897,1.69877795856918
"71","Yamahira and Conover 2002","INTRA‐ VS. INTERSPECIFIC LATITUDINAL VARIATION IN GROWTH: ADAPTATION TO TEMPERATURE OR SEASONALITY?","growth rate","Counter",1,"a","","32","1",4,"b",0.8142833521,0.01193628226,30,"","growth_rate",9.29995479582787,0.787409660037015
"67","Yamahira and Conover 2002","INTRA‐ VS. INTERSPECIFIC LATITUDINAL VARIATION IN GROWTH: ADAPTATION TO TEMPERATURE OR SEASONALITY?","growth rate","Counter",1,"a","","35","1",NA,"",0.5721964497,0.01100047774,30,"this was experiment looked at length growth","growth_rate",10.3520305026747,0.959704462735903
"103","Yamahira and Conover 2002","INTRA‐ VS. INTERSPECIFIC LATITUDINAL VARIATION IN GROWTH: ADAPTATION TO TEMPERATURE OR SEASONALITY?","growth rate ","Counter",1,"a","","17","2",1,"a",0.2371441925,0.01682297572,30,"","growth_rate",1.95265558718121,0.0984405320179167
"99","Yamahira and Conover 2002","INTRA‐ VS. INTERSPECIFIC LATITUDINAL VARIATION IN GROWTH: ADAPTATION TO TEMPERATURE OR SEASONALITY?","growth rate ","Counter",1,"a","","21","2",2,"",0.7780771726,0.05421152927,30,"","growth_rate",5.05653780795177,0.279738121693714
"95","Yamahira and Conover 2002","INTRA‐ VS. INTERSPECIFIC LATITUDINAL VARIATION IN GROWTH: ADAPTATION TO TEMPERATURE OR SEASONALITY?","growth rate ","Counter",1,"a","","28","2",3,"",1.836846407,0.03738439048,30,"","growth_rate",9.2850496147382,0.785101219567916
"91","Yamahira and Conover 2002","INTRA‐ VS. INTERSPECIFIC LATITUDINAL VARIATION IN GROWTH: ADAPTATION TO TEMPERATURE OR SEASONALITY?","growth rate ","Counter",1,"a","","32","2",4,"b",2.235735356,0.1962597239,30,"","growth_rate",7.69903422446214,0.560626066578661
"87","Yamahira and Conover 2002","INTRA‐ VS. INTERSPECIFIC LATITUDINAL VARIATION IN GROWTH: ADAPTATION TO TEMPERATURE OR SEASONALITY?","growth rate ","Counter",1,"a","","35","2",NA,"",0.8918456162,0.05420736619,30,"","growth_rate",0.538546008109319,0.0690835983570874
"859","Imsland et al. 2000a","Intraspecific Differences in Physiological Efficiency of Juvenile Atlantic Halibut Hippoglossus hippoglossus","energy conversion efficiency","Counter",3,"b","66","12","1",NA,"",16.8,0.1,30,"","metabolic_rate",11.8236045740665,1.23164687603238
"862","Imsland et al. 2000a","Intraspecific Differences in Physiological Efficiency of Juvenile Atlantic Halibut Hippoglossus hippoglossus","energy conversion efficiency","Counter",3,"b","66","15","1",NA,"",22.9,5.7,30,"","metabolic_rate",0.680538672849883,0.0705261073770357
"865","Imsland et al. 2000a","Intraspecific Differences in Physiological Efficiency of Juvenile Atlantic Halibut Hippoglossus hippoglossus","energy conversion efficiency","Counter",3,"b","66","18","1",3,"b",20.9,1.1,30,"","metabolic_rate",4.06811163532011,0.204579435645224
"856","Imsland et al. 2000a","Intraspecific Differences in Physiological Efficiency of Juvenile Atlantic Halibut Hippoglossus hippoglossus","energy conversion efficiency","Counter",3,"b","66","8","1",1,"a",19.1,4.2,30,"","metabolic_rate",0.547023738048322,0.0691602914165697
"835","Imsland et al. 2000a","Intraspecific Differences in Physiological Efficiency of Juvenile Atlantic Halibut Hippoglossus hippoglossus","protein efficiency ratio","Counter",3,"b","66","12","1",NA,"",1.64,0.1,30,"","metabolic_rate",4.94369590672012,0.270334410151011
"838","Imsland et al. 2000a","Intraspecific Differences in Physiological Efficiency of Juvenile Atlantic Halibut Hippoglossus hippoglossus","protein efficiency ratio","Counter",3,"b","66","15","1",NA,"",2.25,0.64,30,"","metabolic_rate",0.318779590040377,0.0675135035585526
"841","Imsland et al. 2000a","Intraspecific Differences in Physiological Efficiency of Juvenile Atlantic Halibut Hippoglossus hippoglossus","protein efficiency ratio","Counter",3,"b","66","18","1",3,"b",2.02,0.18,30,"","metabolic_rate",1.7751295445654,0.092925707499908
"832","Imsland et al. 2000a","Intraspecific Differences in Physiological Efficiency of Juvenile Atlantic Halibut Hippoglossus hippoglossus","protein efficiency ratio","Counter",3,"b","66","8","1",1,"a",1.82,0.5,30,"","metabolic_rate",0.519892820194207,0.068919071204079
"847","Imsland et al. 2000a","Intraspecific Differences in Physiological Efficiency of Juvenile Atlantic Halibut Hippoglossus hippoglossus","protein production value","Counter",3,"b","66","12","1",NA,"",0.24,0.01,30,"","metabolic_rate",12.4847174991642,1.36556809194947
"850","Imsland et al. 2000a","Intraspecific Differences in Physiological Efficiency of Juvenile Atlantic Halibut Hippoglossus hippoglossus","protein production value","Counter",3,"b","66","15","1",NA,"",0.33,0.09,30,"","metabolic_rate",0.387134655357519,0.0679156103448232
"853","Imsland et al. 2000a","Intraspecific Differences in Physiological Efficiency of Juvenile Atlantic Halibut Hippoglossus hippoglossus","protein production value","Counter",3,"b","66","18","1",3,"b",0.3,0.04,30,"","metabolic_rate",1.24847174991642,0.0796556809194948
"844","Imsland et al. 2000a","Intraspecific Differences in Physiological Efficiency of Juvenile Atlantic Halibut Hippoglossus hippoglossus","protein production value","Counter",3,"b","66","8","1",1,"a",0.27,0.08,30,"","metabolic_rate",0.548664695737574,0.0691752745695734
"1261","Gaitan-Espitia and Nespolo. 2014","Is there metabolic cold adaptation in terrestrial ectotherms? Exploring latitudinal compensation in the invasive snail Cornu aspersum","growth rate","counter",1,"a","North","common garden","1",NA,"",0.162040816,0.075442647,495,"seems like only one common garden","growth_rate",-0.212229072289844,0.00423204190911506
"591","Sanford et al. 2006","Larval tolerance, gene flow, and the northern geographic range limit of fiddler crabs","developmental rate","Counter",2,"b","41.653333","18","1",1,"a",15.59677,2.4292237,124,"","developmental_rate",-2.02717381813751,0.030844501831671
"589","Sanford et al. 2006","Larval tolerance, gene flow, and the northern geographic range limit of fiddler crabs","developmental rate","Counter",2,"b","41.653333","20","1",NA,"",20.18293,1.8266075,82,"","developmental_rate",-0.599602092875343,0.0247530513625948
"587","Sanford et al. 2006","Larval tolerance, gene flow, and the northern geographic range limit of fiddler crabs","developmental rate","Counter",2,"b","41.653333","22","1",NA,"",27.38043,2.7807912,92,"","developmental_rate",-0.935379392373715,0.0248077695090479
"585","Sanford et al. 2006","Larval tolerance, gene flow, and the northern geographic range limit of fiddler crabs","developmental rate","Counter",2,"b","41.653333","26","1",3,"b",39.58065,3.9527885,62,"","developmental_rate",-0.968468251508832,0.0321132556883664
"61","Li et al 2018","Latitudinal and temperature-dependent variation in embryonic development rate and offspring performance in a freshwater turtle","Incubation time","Counter",1,"a","","26","1",1,"a",69.06169666,3.945157037,92,"treatment is temerpature","developmental_rate",-0.682395590149567,0.0244028013681958
"64","Li et al 2018","Latitudinal and temperature-dependent variation in embryonic development rate and offspring performance in a freshwater turtle","Incubation time","Counter",1,"a","","31","1",3,"b",45.05913272,3.277046507,92,"treatment is temerpature","developmental_rate",0.0961749836985779,0.0230912665579482
"483","Shama et al. 2011","Latitudinal and voltinism compensation shape thermal reaction norms for growth rates","growth rate","Counter",1,"a","55.65","18","1",1,"a",0.021126,0.028342,40,"","growth_rate",-0.21758059795012,0.0502958832287771
"484","Shama et al. 2011","Latitudinal and voltinism compensation shape thermal reaction norms for growth rates","growth rate","Counter",1,"a","55.65","21","1",NA,"",0.03287,0.034206,40,"","growth_rate",-0.187908739945079,0.0502206855909234
"485","Shama et al. 2011","Latitudinal and voltinism compensation shape thermal reaction norms for growth rates","growth rate","Counter",1,"a","55.65","24","1",2,"b",0.04106,0.057661,40,"","growth_rate",-0.0611445795612424,0.0500233666225608
"442","Kokita 2004","Latitudinal compensation in female reproductive rate of a geographically widespread reef fish","spawning interval","Counter",1,"b","26.633333","22.5","1",1,"a",11.93430519,0.8675691026,9,"","reproductive_rate",-2.39415903826205,0.381444375013662
"443","Kokita 2004","Latitudinal compensation in female reproductive rate of a geographically widespread reef fish","spawning interval","Counter",1,"b","26.633333","26","1",2,"",9.092105263,0.9482203711,9,"","reproductive_rate",-1.98624346516184,0.331810086191614
"444","Kokita 2004","Latitudinal compensation in female reproductive rate of a geographically widespread reef fish","spawning interval","Counter",1,"b","26.633333","29.5","1",3,"b",8.092010602,0.5526315789,9,"","reproductive_rate",-1.13888100778922,0.258251387497305
"754","Dittman 1997","Latitudinal compensation in oyster ciliary activity","ciliary activity","Counter",1,"a","41.085309","-1","1",NA,"",1.382374008,0.6433649311,20,"","ciliary_activity",0.883090670601657,0.109748114156296
"760","Dittman 1997","Latitudinal compensation in oyster ciliary activity","ciliary activity","Counter",1,"a","41.085309","10","1",2,"b",7.439156342,1.517087221,20,"","ciliary_activity",-0.210891166351825,0.100555938550565
"756","Dittman 1997","Latitudinal compensation in oyster ciliary activity","ciliary activity","Counter",1,"a","41.085309","2","1",1,"a",3.256373916,1.080226076,20,"","ciliary_activity",0.365914512631379,0.101673667881928
"758","Dittman 1997","Latitudinal compensation in oyster ciliary activity","ciliary activity","Counter",1,"a","41.085309","6","1",NA,"",5.661774791,1.296271291,20,"","ciliary_activity",0.00808065753567127,0.100000816212828
"139","Laugen et al. 2003","Latitudinal countergradient variation in the common frog(Rana temporaria) development rates – evidence for localadaptation","developmental rate","Counter",5,"b","55.666667","14","1",1,"a",64.00254697,15.14730692,141,"","developmental_rate",-0.811162077383341,0.0136052550292931
"144","Laugen et al. 2003","Latitudinal countergradient variation in the common frog(Rana temporaria) development rates – evidence for localadaptation","developmental rate","Counter",5,"b","55.666667","18","1",3,"",39.35367005,13.63040613,141,"","developmental_rate",-0.611503772959703,0.0131655537112731
"149","Laugen et al. 2003","Latitudinal countergradient variation in the common frog(Rana temporaria) development rates – evidence for localadaptation","developmental rate","Counter",5,"b","55.666667","22","1",5,"b",28.49794706,9.086214051,141,"","developmental_rate",-0.794423856308331,0.0135636534003255
"1173","Parsons and Joern 2014","Life history traits associated with body size covary along a latitudinal gradient in a generalist grasshopper","developmental rate","Counter",1,"a","48.968503","25","1",1,"a",13.25043618,0.7845889778,7,"used sample size of seven because of avg 15% mortalilty and this was the smallest sample size (e.g. most conservative)","developmental_rate",-2.98079322558042,0.60304029477379
"1172","Parsons and Joern 2014","Life history traits associated with body size covary along a latitudinal gradient in a generalist grasshopper","developmental rate","Counter",1,"a","48.968503","31","1",NA,"",8.181835913,0.3473770631,7,"used sample size of seven because of avg 15% mortalilty and this was the smallest sample size (e.g. most conservative)","developmental_rate",-7.71603381744193,2.41204206685384
"1171","Parsons and Joern 2014","Life history traits associated with body size covary along a latitudinal gradient in a generalist grasshopper","developmental rate","Counter",1,"a","48.968503","37","1",4,"b",5.66708393,0.5193064266,7,"used sample size of seven because of avg 15% mortalilty and this was the smallest sample size (e.g. most conservative)","developmental_rate",-3.11063427030262,0.631287341556468
"1185","Parsons and Joern 2014","Life history traits associated with body size covary along a latitudinal gradient in a generalist grasshopper","growth rate","Counter",1,"a","48.968503","25","1",1,"a",0.03379031277,0.006479573755,7,"","growth_rate",1.18955638718693,0.336251585653472
"1184","Parsons and Joern 2014","Life history traits associated with body size covary along a latitudinal gradient in a generalist grasshopper","growth rate","Counter",1,"a","48.968503","31","1",NA,"",0.0551377656,0.01061782421,7,"","growth_rate",1.57808627744135,0.374655582108882
"1183","Parsons and Joern 2014","Life history traits associated with body size covary along a latitudinal gradient in a generalist grasshopper","growth rate","Counter",1,"a","48.968503","37","1",4,"b",0.1095198701,0.01179898193,7,"","growth_rate",2.74951204080183,0.555707730804081
"1161","Parsons and Joern 2014","Life history traits associated with body size covary along a latitudinal gradient in a generalist grasshopper","metabolic rate","Counter",1,"a","48.968503","25","1",1,"a",0.7013336481,0.07437955415,7,"used sample size of seven because of avg 15% mortalilty and this was the smallest sample size (e.g. most conservative)","metabolic_rate",2.4519673606188,0.500433712054996
"1160","Parsons and Joern 2014","Life history traits associated with body size covary along a latitudinal gradient in a generalist grasshopper","metabolic rate","Counter",1,"a","48.968503","31","1",NA,"",1.09699044,0.1014834387,7,"used sample size of seven because of avg 15% mortalilty and this was the smallest sample size (e.g. most conservative)","metabolic_rate",3.4422021757301,0.708884136378609
"1159","Parsons and Joern 2014","Life history traits associated with body size covary along a latitudinal gradient in a generalist grasshopper","metabolic rate","Counter",1,"a","48.968503","37","1",4,"b",1.77252449,0.1388293441,7,"used sample size of seven because of avg 15% mortalilty and this was the smallest sample size (e.g. most conservative)","metabolic_rate",3.28021871899769,0.669994101587958
"1000","Blanckenhorn 1991; RT","Life-history difference in adjacent water strider populations: phenotypic plasticity or heritable responses to stream temperature?","developmental rate","Counter",1,"a","","13.1","1",1,"a",50.13,2.85,16,"exp 1 is for reciprocal transplant, exp 2 is for common garden","developmental_rate",-1.71231072918551,0.17081262552006
"999","Blanckenhorn 1991; RT","Life-history difference in adjacent water strider populations: phenotypic plasticity or heritable responses to stream temperature?","developmental rate","Counter",1,"a","","18.8","1",2,"b",26.27,4.33,16,"exp 1 is for reciprocal transplant, exp 2 is for common garden","developmental_rate",-1.03341495075597,0.141686663444468
"1003","Blanckenhorn 1991; CG","Life-history difference in adjacent water strider populations: phenotypic plasticity or heritable responses to stream temperature?","developmental rate","Counter",1,"a","","10","2",1,"a",88.5,1.7,7,"exp 1 is for reciprocal transplant, exp 2 is for common garden","developmental_rate",-4.41887421523332,0.983087476073353
"1004","Blanckenhorn 1991; CG","Life-history difference in adjacent water strider populations: phenotypic plasticity or heritable responses to stream temperature?","developmental rate","Counter",1,"a","","12.5","2",NA,"",71.7,5.1,7,"exp 1 is for reciprocal transplant, exp 2 is for common garden","developmental_rate",-1.15491406835995,0.333350946617704
"1005","Blanckenhorn 1991; CG","Life-history difference in adjacent water strider populations: phenotypic plasticity or heritable responses to stream temperature?","developmental rate","Counter",1,"a","","15","2",NA,"",50.1,3.4,7,"exp 1 is for reciprocal transplant, exp 2 is for common garden","developmental_rate",-1.33027984204074,0.348915873504997
"1006","Blanckenhorn 1991; CG","Life-history difference in adjacent water strider populations: phenotypic plasticity or heritable responses to stream temperature?","developmental rate","Counter",1,"a","","17.5","2",NA,"",31.5,0.5,7,"exp 1 is for reciprocal transplant, exp 2 is for common garden","developmental_rate",-4.46643322117841,0.998179489973078
"1007","Blanckenhorn 1991; CG","Life-history difference in adjacent water strider populations: phenotypic plasticity or heritable responses to stream temperature?","developmental rate","Counter",1,"a","","20","2",NA,"",28.6,0.7,7,"exp 1 is for reciprocal transplant, exp 2 is for common garden","developmental_rate",-1.62525013833202,0.380051357576723
"1008","Blanckenhorn 1991; CG","Life-history difference in adjacent water strider populations: phenotypic plasticity or heritable responses to stream temperature?","developmental rate","Counter",1,"a","","25","2",NA,"",23.5,3.7,7,"exp 1 is for reciprocal transplant, exp 2 is for common garden","developmental_rate",-0.267668132072195,0.288273079604536
"1009","Blanckenhorn 1991; CG","Life-history difference in adjacent water strider populations: phenotypic plasticity or heritable responses to stream temperature?","developmental rate","Counter",1,"a","","30","2",2,"b",19,1.5,7,"exp 1 is for reciprocal transplant, exp 2 is for common garden","developmental_rate",-1.92662074617743,0.418280982128617
"1267","Gorton et al. 2018","Little plant, big city: a test of adaptation to urban environments in common ragweed (Ambrosia artemisiifolia)","flowering time","counter",2,"a","urban","rural_large","1",NA,"",213.93292,12.6980014,266,"","phenology",-0.254040961176034,0.00757945188905568
"1264","Gorton et al. 2018","Little plant, big city: a test of adaptation to urban environments in common ragweed (Ambrosia artemisiifolia)","flowering time","counter",1,"a","urban","urban_large","1",NA,"",221.57321,10.2731768,264,"","phenology",-0.273240338321202,0.00764645860083891
"1266","Gorton et al. 2018","Little plant, big city: a test of adaptation to urban environments in common ragweed (Ambrosia artemisiifolia)","flowering time","counter",2,"a","urban","rural_small","2",NA,"",215.976651,11.5610918,128,"","phenology",-0.310629103704494,0.0158134578907583
"1265","Gorton et al. 2018","Little plant, big city: a test of adaptation to urban environments in common ragweed (Ambrosia artemisiifolia)","flowering time","counter",1,"a","urban","urban_small","2",NA,"",218.555646,10.3909915,114,"","phenology",-0.300474372293142,0.0177418527377302
"1340","Albecker and McCoy 2019","Local adaptation for enhanced salt tolerance reduces non-adaptive plasticity caused by osmotic stress","developmental rate","Counter",1,"a","","0","1",2,"b",40.21997922,3.774748347,25,"","developmental_rate",-0.68127113801794,0.0846413036349626
"1341","Albecker and McCoy 2019","Local adaptation for enhanced salt tolerance reduces non-adaptive plasticity caused by osmotic stress","developmental rate","Counter",1,"a","","4","1",NA,"",41.42665914,3.894199993,25,"","developmental_rate",-0.67505239423823,0.0845569573496677
"1342","Albecker and McCoy 2019","Local adaptation for enhanced salt tolerance reduces non-adaptive plasticity caused by osmotic stress","developmental rate","Counter",1,"a","","6","1",1,"a",44.84054902,8.567316311,25,"","developmental_rate",-0.627803802727307,0.0839413761471887
"1284","Richter-Boix et al. 2010","Local selection modifies phenotypic divergence among Rana temporaria populations in the presence of gene flow","developmental rate","counter",1,"b","0","15","1",1,"a",47.52680389,3.924605064,6,"gradient is shade cover","developmental_rate",-1.23202936291819,0.396579014628858
"1289","Richter-Boix et al. 2010","Local selection modifies phenotypic divergence among Rana temporaria populations in the presence of gene flow","developmental rate","counter",1,"b","0","19","1",5,"b",37.34599176,2.658047557,6,"gradient is shade cover","developmental_rate",-1.7318067199348,0.458298104800472
"1294","Richter-Boix et al. 2010","Local selection modifies phenotypic divergence among Rana temporaria populations in the presence of gene flow","growth rate","counter",1,"b","0","15","1",1,"a",0.01222951037,0.003165040016,6,"gradient is shade cover","growth_rate",0.959911434443843,0.371726248415668
"1299","Richter-Boix et al. 2010","Local selection modifies phenotypic divergence among Rana temporaria populations in the presence of gene flow","growth rate","counter",1,"b","0","19","1",5,"b",0.01424501425,0.002784949578,6,"gradient is shade cover","growth_rate",2.10958296033163,0.518764177771732
"1195","Tüzün et al. 2017","Microgeographic differentiation in thermal performance curves between rural and urban populations of an aquatic insect","growth rate","Counter",1,"a","","16","1",1,"a",0.01786638444,0.006894343238,90,"pops are combined measures of 3 urban or 3 rural pops together","growth_rate",0.290638390994429,0.0224568629842218
"1196","Tüzün et al. 2017","Microgeographic differentiation in thermal performance curves between rural and urban populations of an aquatic insect","growth rate","Counter",1,"a","","20","1",NA,"",0.01879459595,0.005128091261,90,"","growth_rate",0.28350061348231,0.0224454794384579
"1197","Tüzün et al. 2017","Microgeographic differentiation in thermal performance curves between rural and urban populations of an aquatic insect","growth rate","Counter",1,"a","","24","1",NA,"",0.01832541551,0.005303340952,90,"","growth_rate",0.231277552816152,0.0223708036289906
"1198","Tüzün et al. 2017","Microgeographic differentiation in thermal performance curves between rural and urban populations of an aquatic insect","growth rate","Counter",1,"a","","28","1",NA,"",0.01647731605,0.004949784889,90,"","growth_rate",0.267137920803918,0.0224204518575873
"1199","Tüzün et al. 2017","Microgeographic differentiation in thermal performance curves between rural and urban populations of an aquatic insect","growth rate","Counter",1,"a","","30","1",2,"b",0.01503143264,0.006717565206,90,"","growth_rate",0.221105321419004,0.0223580210087772
"1045","Kinnison et al. 2001","MIGRATORY COSTS AND THE EVOLUTION OF EGG SIZE AND NUMBER IN INTRODUCED AND INDIGENOUS SALMON POPULATIONS","ovarian mass","Counter",1,"a","","Captive","1",NA,"",416,4,519,"","gamete_size",5.31478015794674,0.018001229794771
"1046","Kinnison et al. 2001","MIGRATORY COSTS AND THE EVOLUTION OF EGG SIZE AND NUMBER IN INTRODUCED AND INDIGENOUS SALMON POPULATIONS","ovarian mass","Counter",1,"a","","Glen","1",1,"a",625,6,136,"","gamete_size",1.97458482908634,0.0755675397426038
"1047","Kinnison et al. 2001","MIGRATORY COSTS AND THE EVOLUTION OF EGG SIZE AND NUMBER IN INTRODUCED AND INDIGENOUS SALMON POPULATIONS","ovarian mass","Counter",1,"a","","Silver","1",2,"b",710,13,41,"","gamete_size",0.948379717696304,0.0563985909010455
"819","Trussell 2000","PHENOTYPIC CLINES, PLASTICITY, AND MORPHOLOGICAL TRADE‐OFFS IN AN INTERTIDAL SNAIL","growth rate mass","Counter",1,"a","44.81502","North","1",1,"a",87.48778523,10.48406759,60,"","growth_rate",2.39325864979048,0.057198695686654
"818","Trussell 2000","PHENOTYPIC CLINES, PLASTICITY, AND MORPHOLOGICAL TRADE‐OFFS IN AN INTERTIDAL SNAIL","growth rate mass","Counter",1,"a","44.81502","South","1",2,"b",150.226558,25.10024386,60,"","growth_rate",3.22724888029891,0.0767297305641274
"823","Trussell 2000","PHENOTYPIC CLINES, PLASTICITY, AND MORPHOLOGICAL TRADE‐OFFS IN AN INTERTIDAL SNAIL","growth rate thickness","Counter",1,"a","44.81502","North","1",1,"a",0.3325321721,0.1077608801,60,"","growth_rate",0.719212395713975,0.035488610292286
"822","Trussell 2000","PHENOTYPIC CLINES, PLASTICITY, AND MORPHOLOGICAL TRADE‐OFFS IN AN INTERTIDAL SNAIL","growth rate thickness","Counter",1,"a","44.81502","South","1",2,"b",0.5993580747,0.2465394188,60,"","growth_rate",0.934832408002534,0.0369746317960492
"912","Chapin and Oechel 1983","Photosynthesis, respiration, and phosphate absorption by Carex aquatilis ecotypes along latitudinal and local environmental gradients","phosphate uptake","Counter",1,"a","0.3","0.3","1",1,"a",0.01533867601,0.01025616864,4,"","metabolic_rate",0.958111827034636,0.557373642068978
"913","Chapin and Oechel 1983","Photosynthesis, respiration, and phosphate absorption by Carex aquatilis ecotypes along latitudinal and local environmental gradients","phosphate uptake","Counter",1,"a","1","1","1",NA,"",0.04975013108,0.02736143115,4,"","metabolic_rate",1.60404918272068,0.66081086128668
"916","Chapin and Oechel 1983","Photosynthesis, respiration, and phosphate absorption by Carex aquatilis ecotypes along latitudinal and local environmental gradients","phosphate uptake","Counter",1,"a","10","10","1",NA,"",0.3053855711,0.06932960331,4,"","metabolic_rate",3.4736534169101,1.2541417538007
"914","Chapin and Oechel 1983","Photosynthesis, respiration, and phosphate absorption by Carex aquatilis ecotypes along latitudinal and local environmental gradients","phosphate uptake","Counter",1,"a","2","2","1",NA,"",0.09377128419,0.01029111299,4,"","metabolic_rate",6.62588000062967,3.24389286142151
"917","Chapin and Oechel 1983","Photosynthesis, respiration, and phosphate absorption by Carex aquatilis ecotypes along latitudinal and local environmental gradients","phosphate uptake","Counter",1,"a","20","20","1",4,"b",0.326352185,0.1258695721,4,"","metabolic_rate",1.96887188670699,0.742278531641572
"915","Chapin and Oechel 1983","Photosynthesis, respiration, and phosphate absorption by Carex aquatilis ecotypes along latitudinal and local environmental gradients","phosphate uptake","Counter",1,"a","5","5","1",NA,"",0.1799702756,0.07361028698,4,"","metabolic_rate",2.02982697727194,0.75751234735381
"114","Lindgren and Laurila 2009","Phsyiological variation along a geographical gradient: is growth rate correlated with routine metabolic rate in Rana temporaria tadpoles","size at metamorphosis","Counter",1,"a","","15","1",1,"a",0.724442628,0.015811,21,"","body_size",7.34886481786397,0.775323302956902
"107","Lindgren and Laurila 2009","Phsyiological variation along a geographical gradient: is growth rate correlated with routine metabolic rate in Rana temporaria tadpoles","size at metamorphosis","Counter",1,"a","","18","1",7,"b",0.530332747,0.006023,18,"","body_size",-19.8116079546727,6.06918903661087
"1129","Luquet et al. 2019","Post‐glacial colonization routes coincide with a life‐history breakpoint along a latitudinal gradient","development rate","Counter",5,"b","","16","1",1,"a",48.48593852,2.491142283,6,"","developmental_rate",0.676250830269113,0.352388132726653
"1134","Luquet et al. 2019","Post‐glacial colonization routes coincide with a life‐history breakpoint along a latitudinal gradient","development rate","Counter",5,"b","","19","1",5,"b",33.95356442,1.586000553,6,"","developmental_rate",3.54354252602267,0.856528901405464
"1149","Luquet et al. 2019","Post‐glacial colonization routes coincide with a life‐history breakpoint along a latitudinal gradient","growth rate","Counter",5,"b","","16","1",1,"a",0.01224412297,0.001025419305,6,"","growth_rate",-3.80215487314669,0.935682569974713
"1154","Luquet et al. 2019","Post‐glacial colonization routes coincide with a life‐history breakpoint along a latitudinal gradient","growth rate","Counter",5,"b","","19","1",5,"b",0.01568535262,0.001218100686,6,"","growth_rate",-5.03738878705801,1.39063690799907
"121","Kokita 2003","Potential latitudinal variation in egg size and number of a geographically widespread reef fish, revealed by common-environment experiments","egg volume","Counter",1,"a","","22.5","1",1,"a",0.192720639,0.003822970639,50,"","gamete_size",14.4846156380408,1.08902045090889
"122","Kokita 2003","Potential latitudinal variation in egg size and number of a geographically widespread reef fish, revealed by common-environment experiments","egg volume","Counter",1,"a","","26","1",2,"",0.1578376511,0.005633851468,50,"","gamete_size",5.95135481163208,0.217093120469682
"123","Kokita 2003","Potential latitudinal variation in egg size and number of a geographically widespread reef fish, revealed by common-environment experiments","egg volume","Counter",1,"a","","29.5","1",3,"b",0.1392543178,0.001207253886,50,"","gamete_size",19.7940389435985,1.99901988850348
"130","Kokita 2003","Potential latitudinal variation in egg size and number of a geographically widespread reef fish, revealed by common-environment experiments","egg weight","Counter",1,"a","","22.5","1",1,"a",0.04845070423,0.005311871227,200,"","gamete_size",-4.40675054213778,0.0342743129257896
"131","Kokita 2003","Potential latitudinal variation in egg size and number of a geographically widespread reef fish, revealed by common-environment experiments","egg weight","Counter",1,"a","","26","1",2,"",0.06221327968,0.00277665996,200,"","gamete_size",-8.92342434690812,0.109534377593741
"132","Kokita 2003","Potential latitudinal variation in egg size and number of a geographically widespread reef fish, revealed by common-environment experiments","egg weight","Counter",1,"a","","29.5","1",3,"b",0.06782696177,0.003682092555,200,"","gamete_size",-5.94257781490035,0.0541427888576822
"521","Lindgren and Laurila 2005","Proximate causes of adaptive growth rates: growth efficiency variation among latitudinal populations of Rana temporaria","food consumption rate","Counter",1,"b","55.432661","16","1",NA,"a",0.01002091677,0.04513983816,19,"","metabolic_rate",-0.0156112407403495,0.102634703445284
"513","Lindgren and Laurila 2005","Proximate causes of adaptive growth rates: growth efficiency variation among latitudinal populations of Rana temporaria","food consumption rate","Counter",1,"b","55.432661","20","1",NA,"b",0.01334071372,0.05814981529,18,"","metabolic_rate",-0.0645856529086933,0.105610441168209
"505","Lindgren and Laurila 2005","Proximate causes of adaptive growth rates: growth efficiency variation among latitudinal populations of Rana temporaria","growth rate","Counter",1,"b","55.432661","16","1",NA,"a",0.01735721983,0.0806417153,19,"","growth_rate",0.148409897025034,0.102913957120894
"497","Lindgren and Laurila 2005","Proximate causes of adaptive growth rates: growth efficiency variation among latitudinal populations of Rana temporaria","growth rate","Counter",1,"b","55.432661","20","1",NA,"b",0.04318399225,0.1916968753,18,"","growth_rate",-0.0242032589182503,0.105563263420585
"657","Sommer and Pearman 2003","Quantitative Genetic Analysis of Larval Life History Traits in Two Alpine Populations of Rana temporaria","mass","Counter",1,"a","1800","14","1",1,"a",786.0500415,180.6590281,69,"","body_size",1.20237216553193,0.0318440919602553
"658","Sommer and Pearman 2003","Quantitative Genetic Analysis of Larval Life History Traits in Two Alpine Populations of Rana temporaria","mass","Counter",1,"a","1800","20","1",2,"b",554.6857152,119.1638627,79,"","body_size",0.769342517756888,0.0251315204085992
"1017","Boman et al. 2008","Quantitative genetic approach for assessing invasiveness: geographic and genetic variation in life-history traits","developmental rate","Counter",1,"a","59.95","17","1",1,"a",46.4,3.438,77,"","developmental_rate",-0.562535615577608,0.0270014490869912
"1021","Boman et al. 2008","Quantitative genetic approach for assessing invasiveness: geographic and genetic variation in life-history traits","developmental rate","Counter",1,"a","59.95","23","1",4,"b",23.16,1.917,75,"","developmental_rate",-0.404280376130277,0.0297985326212914
"451","Nylin et al. 1996","Reaction norms for age and size at maturity in Lasiommata butterflies: predictions and tests","developmental rate","Counter",1,"a","59.485415","15h","1",2,"b",31.2,22.627417,8,"experiments 1 and 2 refer to sex (1=male, 2= female)","developmental_rate",-0.325213947736015,0.271382613250544
"452","Nylin et al. 1996","Reaction norms for age and size at maturity in Lasiommata butterflies: predictions and tests","developmental rate","Counter",1,"a","59.485415","17h","1",NA,"",38.6,22.627417,8,"experiments 1 and 2 refer to sex (1=male, 2= female)","developmental_rate",-0.923575217404979,0.248694199505685
"453","Nylin et al. 1996","Reaction norms for age and size at maturity in Lasiommata butterflies: predictions and tests","developmental rate","Counter",1,"a","59.485415","19h","1",NA,"",49.2,14.69693846,6,"experiments 1 and 2 refer to sex (1=male, 2= female)","developmental_rate",-1.66914790856432,0.49330551851506
"454","Nylin et al. 1996","Reaction norms for age and size at maturity in Lasiommata butterflies: predictions and tests","developmental rate","Counter",1,"a","59.485415","21h","1",1,"a",55,8,4,"experiments 1 and 2 refer to sex (1=male, 2= female)","developmental_rate",-1.20614552689484,0.435616126335351
"459","Nylin et al. 1996","Reaction norms for age and size at maturity in Lasiommata butterflies: predictions and tests","developmental rate","Counter",1,"a","59.485415","15h","2",2,"b",32,14.69693846,6,"experiments 1 and 2 refer to sex (1=male, 2= female)","developmental_rate",-0.355420854255581,0.26129116885928
"460","Nylin et al. 1996","Reaction norms for age and size at maturity in Lasiommata butterflies: predictions and tests","developmental rate","Counter",1,"a","59.485415","17h","2",NA,"",42,22.627417,8,"experiments 1 and 2 refer to sex (1=male, 2= female)","developmental_rate",-0.750279500981829,0.398454972066398
"461","Nylin et al. 1996","Reaction norms for age and size at maturity in Lasiommata butterflies: predictions and tests","developmental rate","Counter",1,"a","59.485415","19h","2",NA,"",44.8,14.69693846,6,"experiments 1 and 2 refer to sex (1=male, 2= female)","developmental_rate",-1.07366467461474,0.353860572351331
"462","Nylin et al. 1996","Reaction norms for age and size at maturity in Lasiommata butterflies: predictions and tests","developmental rate","Counter",1,"a","59.485415","21h","2",1,"a",47.5,2.828427125,2,"experiments 1 and 2 refer to sex (1=male, 2= female)","developmental_rate",-1.17399361241521,0.752807979291148
"467","Nylin et al. 1996","Reaction norms for age and size at maturity in Lasiommata butterflies: predictions and tests","growth rate","Counter",1,"a","59.485415","15h","1",2,"b",19.4,22.627417,8,"experiments 1 and 2 refer to sex (1=male, 2= female)","growth_rate",0.185191275794119,0.269000336478151
"468","Nylin et al. 1996","Reaction norms for age and size at maturity in Lasiommata butterflies: predictions and tests","growth rate","Counter",1,"a","59.485415","17h","1",NA,"",15.5,22.627417,8,"experiments 1 and 2 refer to sex (1=male, 2= female)","growth_rate",0.213916318737183,0.226271116428391
"469","Nylin et al. 1996","Reaction norms for age and size at maturity in Lasiommata butterflies: predictions and tests","growth rate","Counter",1,"a","59.485415","19h","1",NA,"",12,14.69693846,6,"experiments 1 and 2 refer to sex (1=male, 2= female)","growth_rate",0.255200300069752,0.369626993628289
"470","Nylin et al. 1996","Reaction norms for age and size at maturity in Lasiommata butterflies: predictions and tests","growth rate","Counter",1,"a","59.485415","21h","1",1,"a",11,8,4,"experiments 1 and 2 refer to sex (1=male, 2= female)","growth_rate",0.170949759717379,0.376217659181143
"475","Nylin et al. 1996","Reaction norms for age and size at maturity in Lasiommata butterflies: predictions and tests","growth rate","Counter",1,"a","59.485415","15h","2",2,"b",19.3,14.69693846,6,"experiments 1 and 2 refer to sex (1=male, 2= female)","growth_rate",0.159326589838709,0.258322374111923
"476","Nylin et al. 1996","Reaction norms for age and size at maturity in Lasiommata butterflies: predictions and tests","growth rate","Counter",1,"a","59.485415","17h","2",NA,"",14.5,22.627417,8,"experiments 1 and 2 refer to sex (1=male, 2= female)","growth_rate",0.194692781900348,0.376579386638504
"477","Nylin et al. 1996","Reaction norms for age and size at maturity in Lasiommata butterflies: predictions and tests","growth rate","Counter",1,"a","59.485415","19h","2",NA,"",13.9,14.69693846,6,"experiments 1 and 2 refer to sex (1=male, 2= female)","growth_rate",0.236756825684276,0.311679724697198
"478","Nylin et al. 1996","Reaction norms for age and size at maturity in Lasiommata butterflies: predictions and tests","growth rate","Counter",1,"a","59.485415","21h","2",1,"a",12.8,2.828427125,2,"experiments 1 and 2 refer to sex (1=male, 2= female)","growth_rate",0.22576800238754,0.669852366098045
"1037","Purchase and Brown 2001","Stock‐specific changes in growth rates, food conversion efficiencies, and energy allocation in response to temperature change in juvenile Atlantic cod","growth rate","Counter",1,"a","46","13","1",2,"b",2.061264322,0.3355010671,30,"","growth_rate",0.222418088943871,0.067078915052412
"1038","Purchase and Brown 2001","Stock‐specific changes in growth rates, food conversion efficiencies, and energy allocation in response to temperature change in juvenile Atlantic cod","growth rate","Counter",1,"a","46","2","1",1,"a",0.6413662533,0.07276351762,30,"","growth_rate",0.473699914895953,0.0685365967447703
"955","Vernberg 1959","STUDIES ON THE PHYSIOLOGICAL VARIATION BETWEEN TROPICAL AND TEMPERATE ZONE FIDDLER CRABS OF THE GENUS UCA. II. OXYGEN CONSUMPTION OF WHOLE ORGANISMS","respiration","Counter",1,"a","","12","1",1,"a",0.732,0.32025,32,"","metabolic_rate",1.52569109838272,0.0916687134007393
"956","Vernberg 1959","STUDIES ON THE PHYSIOLOGICAL VARIATION BETWEEN TROPICAL AND TEMPERATE ZONE FIDDLER CRABS OF THE GENUS UCA. II. OXYGEN CONSUMPTION OF WHOLE ORGANISMS","respiration","Counter",1,"a","","17","1",NA,"",1.017,0.413,30,"","metabolic_rate",0.142993409223781,0.0679893725903064
"957","Vernberg 1959","STUDIES ON THE PHYSIOLOGICAL VARIATION BETWEEN TROPICAL AND TEMPERATE ZONE FIDDLER CRABS OF THE GENUS UCA. II. OXYGEN CONSUMPTION OF WHOLE ORGANISMS","respiration","Counter",1,"a","","33","1",NA,"",2.324,0.4435,13,"","metabolic_rate",0.651086639914099,0.120819407854803
"958","Vernberg 1959","STUDIES ON THE PHYSIOLOGICAL VARIATION BETWEEN TROPICAL AND TEMPERATE ZONE FIDDLER CRABS OF THE GENUS UCA. II. OXYGEN CONSUMPTION OF WHOLE ORGANISMS","respiration","Counter",1,"a","","36","1",3,"b",2.838,1.18175,25,"","metabolic_rate",0.403288263633872,0.080056062222174
"936","Vernberg and Costlow 1966; pugnax","Studies on the Physiological Variation between Tropical and Temperate-Zone Fiddler Crabs of the Genus Uca. IV. Oxygen Consumption of Larvae and Young Crabs Reared in the Laboratory","respiration","Counter",1,"b","","15","1",1,"a",0.0333,0.01518209472,15,"U. pugnax for exp 1, U. pugilator for exp 2","metabolic_rate",0.567078885068851,0.184477329067172
"938","Vernberg and Costlow 1966; pugnax","Studies on the Physiological Variation between Tropical and Temperate-Zone Fiddler Crabs of the Genus Uca. IV. Oxygen Consumption of Larvae and Young Crabs Reared in the Laboratory","respiration","Counter",1,"b","","20","1",NA,"",0.0536,0.0186,16,"U. pugnax for exp 1, U. pugilator for exp 2","metabolic_rate",0.0933634050291847,0.312717918134966
"940","Vernberg and Costlow 1966; pugnax","Studies on the Physiological Variation between Tropical and Temperate-Zone Fiddler Crabs of the Genus Uca. IV. Oxygen Consumption of Larvae and Young Crabs Reared in the Laboratory","respiration","Counter",1,"b","","25","1",NA,"",0.0839,0.0102191438,21,"U. pugnax for exp 1, U. pugilator for exp 2","metabolic_rate",0.597897467005206,0.119250733466982
"942","Vernberg and Costlow 1966; pugnax","Studies on the Physiological Variation between Tropical and Temperate-Zone Fiddler Crabs of the Genus Uca. IV. Oxygen Consumption of Larvae and Young Crabs Reared in the Laboratory","respiration","Counter",1,"b","","30","1",NA,"",0.0943,0.02160449953,24,"U. pugnax for exp 1, U. pugilator for exp 2","metabolic_rate",0.111931091079115,0.2418826764796
"944","Vernberg and Costlow 1966; pugnax","Studies on the Physiological Variation between Tropical and Temperate-Zone Fiddler Crabs of the Genus Uca. IV. Oxygen Consumption of Larvae and Young Crabs Reared in the Laboratory","respiration","Counter",1,"b","","35","1",2,"b",0.0901,0.01758334439,15,"U. pugnax for exp 1, U. pugilator for exp 2","metabolic_rate",0.292450373919082,0.193525954084176
"946","Vernberg and Costlow 1966; pugilator","Studies on the Physiological Variation between Tropical and Temperate-Zone Fiddler Crabs of the Genus Uca. IV. Oxygen Consumption of Larvae and Young Crabs Reared in the Laboratory","respiration","Counter",1,"a","","15","2",1,"a",0.463,0.118,4,"U. pugnax for exp 1, U. pugilator for exp 2","metabolic_rate",1.93519912673893,0.425456228654435
"949","Vernberg and Costlow 1966; pugilator","Studies on the Physiological Variation between Tropical and Temperate-Zone Fiddler Crabs of the Genus Uca. IV. Oxygen Consumption of Larvae and Young Crabs Reared in the Laboratory","respiration","Counter",1,"a","","25","2",NA,"",1.171,0.2090723559,5,"U. pugnax for exp 1, U. pugilator for exp 2","metabolic_rate",4.71852123689794,0.986672924129616
"952","Vernberg and Costlow 1966; pugilator","Studies on the Physiological Variation between Tropical and Temperate-Zone Fiddler Crabs of the Genus Uca. IV. Oxygen Consumption of Larvae and Young Crabs Reared in the Laboratory","respiration","Counter",1,"a","","35","2",NA,"",1.528,0.568,4,"U. pugnax for exp 1, U. pugilator for exp 2","metabolic_rate",2.31200059557238,0.469910425704322
"14","Robinson and Partridge 2001; SA ","Temperature and clinal variation in larval growth efficiency in Drosophila melanogaster","growth rate","Counter",1,"a","41.5","18","1",1,"a",1.496640883,0.187235318,27,"SA females","growth_rate",0.816662234891781,0.0802494185731337
"24","Robinson and Partridge 2001; SA ","Temperature and clinal variation in larval growth efficiency in Drosophila melanogaster","growth rate","Counter",1,"a","41.5","18","1",1,"a",1.496640883,0.187235318,27,"SA females","growth_rate",1.30287696627553,0.0897915591597345
"15","Robinson and Partridge 2001; SA ","Temperature and clinal variation in larval growth efficiency in Drosophila melanogaster","growth rate","Counter",1,"a","41.5","25","1",2,"b",1.329048217,0.154580842,27,"SA females","growth_rate",1.29036463995628,0.0894911194819397
"25","Robinson and Partridge 2001; SA ","Temperature and clinal variation in larval growth efficiency in Drosophila melanogaster","growth rate","Counter",1,"a","41.5","25","1",2,"b",1.329048217,0.154580842,27,"SA females","growth_rate",1.41810459096132,0.0926946354713479
"16","Robinson and Partridge 2001; SA ","Temperature and clinal variation in larval growth efficiency in Drosophila melanogaster","growth rate","Counter",1,"a","41.5","18","2",1,"a",1.299615149,0.1632470441,27,"SA males","growth_rate",1.22177762409255,0.0878957459512337
"26","Robinson and Partridge 2001; SA ","Temperature and clinal variation in larval growth efficiency in Drosophila melanogaster","growth rate","Counter",1,"a","41.5","18","2",1,"a",1.299615149,0.1632470441,27,"SA males","growth_rate",1.18160003965404,0.0870016542010224
"17","Robinson and Partridge 2001; SA ","Temperature and clinal variation in larval growth efficiency in Drosophila melanogaster","growth rate","Counter",1,"a","41.5","25","2",2,"b",1.085412794,0.1399072356,27,"SA males","growth_rate",1.42465548380938,0.0928670671069272
"27","Robinson and Partridge 2001; SA ","Temperature and clinal variation in larval growth efficiency in Drosophila melanogaster","growth rate","Counter",1,"a","41.5","25","2",2,"b",1.085412794,0.1399072356,27,"SA males","growth_rate",0.796566552571284,0.079949243265512
"549","Du et al. 2010","The physiological basis of geographic variation in rates of embryonic development within a widespread lizard species","development time","Counter",1,"a","39.30736","25","1",1,"a",65.63025,0.976382,15,"more northern population with faster development time","developmental_rate",-4.22413357080109,0.523532755146042
"552","Du et al. 2010","The physiological basis of geographic variation in rates of embryonic development within a widespread lizard species","development time","Counter",1,"a","39.30736","28","1",3,"b",45.96624,0.915135,15,"","developmental_rate",-4.46753891645242,0.565844746067005
"1368","Manyak-Davis et al. 2013","The Relative Importance of Predation Risk and Water Temperature in Maintaining Bergmann''s Rule in a Marine Ectotherm","body size","counter",1,"a","","18","1",NA,"a",9.282711878,5.089640399,60,"MA1 and VA2 used","body_size",0.400861235201642,0.0340028738745308
"1369","Manyak-Davis et al. 2013","The Relative Importance of Predation Risk and Water Temperature in Maintaining Bergmann''s Rule in a Marine Ectotherm","body size","counter",1,"a","","24","1",NA,"b",10.63107213,1.303577339,60,"MA1 and VA2 used","body_size",1.35843569706567,0.0410222814294262
"1226","Joyce 2002","The survival, longevity, diet and development of mountain stone weta Hemideina maori in the Rock and Pillar Range, New Zealand","developmental rate","Counter",1,"a","1400","Cool","1",1,"a",469.7337567,176.1445932,6,"","developmental_rate",-0.518670531790671,0.378894808509758
"1225","Joyce 2002","The survival, longevity, diet and development of mountain stone weta Hemideina maori in the Rock and Pillar Range, New Zealand","developmental rate","Counter",1,"a","1400","Warm","1",2,"b",294.6730582,141.4315285,5,"","developmental_rate",-0.807831897804959,0.48625513195062
"1222","Joyce 2002","The survival, longevity, diet and development of mountain stone weta Hemideina maori in the Rock and Pillar Range, New Zealand","growth rate","Counter",1,"a","1400","Cool","1",1,"a",0.002130252101,0.0003019329022,6,"","growth_rate",0.808737956414106,0.396396534036888
"1221","Joyce 2002","The survival, longevity, diet and development of mountain stone weta Hemideina maori in the Rock and Pillar Range, New Zealand","growth rate","Counter",1,"a","1400","Warm","1",2,"b",0.002487394958,0.0001797559363,5,"","growth_rate",1.86917777317346,0.644101419318094
"683","Nicieza et al. 1994","Variation in digestive performance between geographically disjunct populations of Atlantic salmon: countergradient in passage time and digestion rate","digestion rate","Counter",1,"a","58","12","1",NA,"",2.558184003,3.339434003,10,"","metabolic_rate",0.0564795375669756,0.200079748454094
"684","Nicieza et al. 1994","Variation in digestive performance between geographically disjunct populations of Atlantic salmon: countergradient in passage time and digestion rate","digestion rate","Counter",1,"a","58","20","1",2,"b",7.333916084,9.365166084,10,"","metabolic_rate",0.355896189035361,0.203166552434247
"682","Nicieza et al. 1994","Variation in digestive performance between geographically disjunct populations of Atlantic salmon: countergradient in passage time and digestion rate","digestion rate","Counter",1,"a","58","5","1",1,"a",1.024639423,1.337139423,10,"","metabolic_rate",0.33531721928754,0.202810940938768
"18","Imsland et al. 2001","Variation in food intake, food conversion efficiency and growth of juvenile turbot from different geographic strains","food conversion efficiency","Counter",1,"a","","14","1",1,"a",1.55,0.1,19,"","metabolic_rate",2.10592326225948,0.163617273506916
"4","Imsland et al. 2001","Variation in food intake, food conversion efficiency and growth of juvenile turbot from different geographic strains","food conversion efficiency","Counter",1,"a","","18","1",2,"",1.35,0.39,19,"","metabolic_rate",1.27987205301269,0.126816743053723
"7","Imsland et al. 2001","Variation in food intake, food conversion efficiency and growth of juvenile turbot from different geographic strains","food conversion efficiency","Counter",1,"a","","22","1",3,"b",1.25,0.07,19,"","metabolic_rate",7.13268797812333,0.77467418149033
"10","Imsland et al. 2001","Variation in food intake, food conversion efficiency and growth of juvenile turbot from different geographic strains","food conversion efficiency","Counter",1,"a","","14","2",1,"a",0.86,0.01,19,"","metabolic_rate",1.17479566698502,0.123422958673247
"133","Imsland et al. 2001","Variation in food intake, food conversion efficiency and growth of juvenile turbot from different geographic strains","food conversion efficiency","Counter",1,"a","","18","2",2,"",1.18,0.17,19,"","metabolic_rate",1.16040384105545,0.122980750978108
"161","Imsland et al. 2001","Variation in food intake, food conversion efficiency and growth of juvenile turbot from different geographic strains","food conversion efficiency","Counter",1,"a","","22","2",3,"b",0.95,0.17,19,"","metabolic_rate",2.25952032557928,0.172439896075077
"19","Imsland et al. 2001","Variation in food intake, food conversion efficiency and growth of juvenile turbot from different geographic strains","growth rate","Counter",1,"a","","14","1",1,"a",2.273796356,1.507911256,19,"","growth_rate",0.0695289107597888,0.105326766703045
"251","Imsland et al. 2001","Variation in food intake, food conversion efficiency and growth of juvenile turbot from different geographic strains","growth rate","Counter",1,"a","","18","1",2,"",2.577777778,1.605545944,19,"","growth_rate",0.0638800214307026,0.105316850751816
"31","Imsland et al. 2001","Variation in food intake, food conversion efficiency and growth of juvenile turbot from different geographic strains","growth rate","Counter",1,"a","","22","1",3,"b",2.874074074,1.695309433,19,"","growth_rate",0.157694245288546,0.10559036151312
"221","Imsland et al. 2001","Variation in food intake, food conversion efficiency and growth of juvenile turbot from different geographic strains","growth rate","Counter",1,"a","","14","2",1,"a",1.593700879,2.524837325,19,"","growth_rate",0.0560659195549202,0.105304518254415
"28","Imsland et al. 2001","Variation in food intake, food conversion efficiency and growth of juvenile turbot from different geographic strains","growth rate","Counter",1,"a","","18","2",2,"",1.725925926,2.627490001,19,"","growth_rate",0.0449379167539673,0.10528972916266
"34","Imsland et al. 2001","Variation in food intake, food conversion efficiency and growth of juvenile turbot from different geographic strains","growth rate","Counter",1,"a","","22","2",2,"b",1.718518519,2.621845547,19,"","growth_rate",0.0536627351033332,0.1053010485413
"762","Brown et al. 1998","Variation in Larval Growth Rate among Striped Bass Stocks from Different Latitudes","growth rate length","Counter",4,"b","","17","1",1,"a",0.259710704,0.02139037433,4,"","growth_rate",0.704389939663136,0.618773703840379
"766","Brown et al. 1998","Variation in Larval Growth Rate among Striped Bass Stocks from Different Latitudes","growth rate length","Counter",4,"b","","21","1",4,"b",0.4512492329,0.02994652406,4,"","growth_rate",2.56676677654911,1.05392559656164
"770","Brown et al. 1998","Variation in Larval Growth Rate among Striped Bass Stocks from Different Latitudes","growth rate weight","Counter",4,"b","","17","1",1,"a",0.140197744,0.004519566797,4,"","growth_rate",-2.07829194070533,0.891854575533385
"774","Brown et al. 1998","Variation in Larval Growth Rate among Striped Bass Stocks from Different Latitudes","growth rate weight","Counter",4,"b","","21","1",4,"b",0.2122782949,0.01181966022,4,"","growth_rate",1.10022865160666,0.669797839463062
"1255","Oromi et al. 2015","Variation of growth rate and survival in embryos and larvae of Rana temporaria populations from the Pyrenees","growth rate","counter",1,"b","1540 m","16","1",2,"a",0.162738291,0.011742104,225,"","growth_rate",5.73434214707161,0.0454251998440909
"1257","Oromi et al. 2015","Variation of growth rate and survival in embryos and larvae of Rana temporaria populations from the Pyrenees","growth rate","counter",1,"b","1540 m","20","1",NA,"",0.156238115,0.012845162,225,"","growth_rate",8.01834200729515,0.0803264539399489
"1259","Oromi et al. 2015","Variation of growth rate and survival in embryos and larvae of Rana temporaria populations from the Pyrenees","growth rate","counter",1,"b","1540 m","24","1",1,"b",0.149740075,0.01541398,225,"","growth_rate",3.05076154715917,0.0192301622418056
